"State","County","Year","Use","Mean","Lower","Upper","P5","P50","P95"
"New Mexico","Chaves",2013,"COG mining—Direct and indirect",17.655723,17.193741,18.148871,0,0,6.299514
"New Mexico","Chaves",2014,"COG mining—Direct and indirect",17.799563,17.330605,18.300287,0,0,2.421025
"New Mexico","Chaves",2016,"COG mining—Direct and indirect",17.877408,17.403777,18.38346,4.857082,0.58996,179.578818
"New Mexico","Chaves",2017,"COG mining—Direct and indirect",17.934784,17.459036,18.442937,10.217884,11.248387,160.000193
"New Mexico","Chaves",2018,"COG mining—Direct and indirect",17.952059,17.473797,18.463432,20.113551,103.857606,388.734469
"New Mexico","Chaves",2019,"COG mining—Direct and indirect",17.95642,17.477978,18.46798,18.559935,90.865661,962.916959
"New Mexico","Chaves",2021,"COG mining—Direct and indirect",17.963039,17.484107,18.475179,17.996489,405.76454,1118.714972
"New Mexico","De Baca",2018,"COG mining—Direct and indirect",1.488233,1.370514,1.639449,1.488233,1.488233,1.488233
"New Mexico","Eddy",2011,"COG mining—Direct and indirect",71.757538,65.681543,79.176677,17.838194,35.537854,694.619193
"New Mexico","Eddy",2012,"COG mining—Direct and indirect",230.537918,225.212901,236.29748,14.159538,600.765805,1524.022719
"New Mexico","Eddy",2013,"COG mining—Direct and indirect",850.292941,834.566797,866.687982,425.801094,2297.976066,5301.20504
"New Mexico","Eddy",2014,"COG mining—Direct and indirect",1366.023009,1339.953738,1393.180587,558.350557,1768.181782,4011.133067
"New Mexico","Eddy",2015,"COG mining—Direct and indirect",1519.818922,1489.040579,1552.034307,633.090417,1665.16391,3642.284376
"New Mexico","Eddy",2016,"COG mining—Direct and indirect",1796.320211,1759.592145,1834.703329,529.582166,1027.317913,2089.764647
"New Mexico","Eddy",2017,"COG mining—Direct and indirect",3398.462035,3311.65475,3490.010533,686.100936,1931.73409,3914.858258
"New Mexico","Eddy",2018,"COG mining—Direct and indirect",4960.541504,4792.691416,5142.521244,973.350671,3575.235956,7528.312231
"New Mexico","Eddy",2019,"COG mining—Direct and indirect",4932.865916,4769.543387,5108.695457,921.873323,3283.086933,7493.245174
"New Mexico","Eddy",2020,"COG mining—Direct and indirect",4113.533703,3989.422064,4246.153444,752.35565,2636.824867,5502.870992
"New Mexico","Eddy",2021,"COG mining—Direct and indirect",4522.738631,4371.599436,4685.589613,813.14179,2993.145473,6329.002506
"New Mexico","Lea",2011,"COG mining—Direct and indirect",60.885765,56.611653,65.919219,17.768927,35.735171,140.822938
"New Mexico","Lea",2012,"COG mining—Direct and indirect",223.444027,218.784604,228.40688,10.844142,697.654272,107.122942
"New Mexico","Lea",2013,"COG mining—Direct and indirect",812.968341,798.388733,828.131439,390.215873,1976.128915,2970.430945
"New Mexico","Lea",2014,"COG mining—Direct and indirect",1347.649886,1321.779111,1374.599472,651.734978,2167.490417,3254.253629
"New Mexico","Lea",2015,"COG mining—Direct and indirect",1530.5181,1499.937894,1562.479527,772.23826,2320.366534,3443.88369
"New Mexico","Lea",2016,"COG mining—Direct and indirect",1783.587523,1747.761054,1820.981388,640.994602,1527.433272,1552.891991
"New Mexico","Lea",2017,"COG mining—Direct and indirect",3382.340168,3299.869676,3469.092321,804.447223,2470.621264,3462.603594
"New Mexico","Lea",2018,"COG mining—Direct and indirect",5090.135716,4931.969598,5259.69277,1113.885283,4238.192943,7346.835143
"New Mexico","Lea",2019,"COG mining—Direct and indirect",7264.580296,6956.836188,7605.340148,1245.461621,4969.619875,9545.683088
"New Mexico","Lea",2020,"COG mining—Direct and indirect",5341.840534,5149.776412,5550.015334,1048.208541,4168.270544,7216.836935
"New Mexico","Lea",2021,"COG mining—Direct and indirect",3924.31458,3819.834821,4034.898045,833.027383,2981.472855,4675.17235
"Texas","Andrews",2011,"COG mining—Direct and indirect",66.768261,60.627904,74.426566,14.856509,39.924936,146.407676
"Texas","Andrews",2012,"COG mining—Direct and indirect",230.054453,222.695998,238.587521,21.998284,1523.543615,3852.822945
"Texas","Andrews",2013,"COG mining—Direct and indirect",701.661712,684.991434,719.846204,548.19619,5182.607789,11911.675683
"Texas","Andrews",2014,"COG mining—Direct and indirect",1118.649985,1081.474049,1161.319501,970.580654,6273.475433,14158.635794
"Texas","Andrews",2015,"COG mining—Direct and indirect",920.849038,900.650795,942.232476,295.077758,1975.34702,4634.120322
"Texas","Andrews",2016,"COG mining—Direct and indirect",965.182518,944.788495,986.572695,63.986636,624.0996,1524.629532
"Texas","Andrews",2017,"COG mining—Direct and indirect",1241.924513,1211.107427,1274.410923,142.84626600000001,1094.271432,2402.001627
"Texas","Andrews",2018,"COG mining—Direct and indirect",1264.505562,1231.526225,1299.558108,161.062555,1233.426819,2732.277494
"Texas","Andrews",2019,"COG mining—Direct and indirect",1279.708309,1246.101335,1315.402978,144.254465,1135.136879,3120.3004
"Texas","Andrews",2020,"COG mining—Direct and indirect",1218.206338,1187.956577,1250.183984,8.768248,527.646629,1214.54421
"Texas","Andrews",2021,"COG mining—Direct and indirect",1254.194913,1222.253534,1288.030212,45.230325,899.475962,2074.52292
"Texas","Borden",2012,"COG mining—Direct and indirect",106.43511,104.803894,108.139787,1.276794,2.373312,120.624533
"Texas","Borden",2013,"COG mining—Direct and indirect",173.16906,169.837413,176.647177,0,94.977916,479.23996
"Texas","Borden",2014,"COG mining—Direct and indirect",188.713477,184.820414,192.786782,0,53.708519,255.354691
"Texas","Borden",2015,"COG mining—Direct and indirect",191.494547,187.480912,195.698757,4.861768,4.97119,4.97119
"Texas","Borden",2016,"COG mining—Direct and indirect",196.969938,192.741011,201.402839,35.870241,119.298433,94.040514
"Texas","Borden",2017,"COG mining—Direct and indirect",205.796506,201.212799,210.606529,64.806139,310.313187,362.163064
"Texas","Borden",2018,"COG mining—Direct and indirect",206.277439,201.655989,211.132249,92.729819,503.749117,810.90412
"Texas","Borden",2019,"COG mining—Direct and indirect",206.736785,202.096544,211.611465,77.3085,413.213539,1215.850625
"Texas","Borden",2020,"COG mining—Direct and indirect",206.787423,202.143342,211.666443,35.373698,480.352896,782.447503
"Texas","Borden",2021,"COG mining—Direct and indirect",207.013956,202.35996,211.903611,44.849336,549.762061,982.405873
"Texas","Brewster",2017,"COG mining—Direct and indirect",0.477421,0.437339,0.530039,0.477421,0.477421,0.477421
"Texas","Cochran",2013,"COG mining—Direct and indirect",18.60545,18.151106,19.088106,0,0,74.431219
"Texas","Cochran",2014,"COG mining—Direct and indirect",18.765142,18.303575,19.255593,0,0,19.781935
"Texas","Cochran",2015,"COG mining—Direct and indirect",18.8035,18.339111,19.297288000000002,0.272101,0.355941,6.328813
"Texas","Cochran",2016,"COG mining—Direct and indirect",18.849359,18.383142,19.345047,0.44247,0.44247,44.627342
"Texas","Cochran",2017,"COG mining—Direct and indirect",18.916707,18.448018,19.4149,15.89111,79.579999,261.979096
"Texas","Cochran",2018,"COG mining—Direct and indirect",18.931053,18.46017,19.432032,2.211681,40.38503,203.012197
"Texas","Cochran",2019,"COG mining—Direct and indirect",18.937105,18.465952,19.438374,8.978687,73.919265,878.736278
"Texas","Cochran",2020,"COG mining—Direct and indirect",18.942665,18.4711,19.444421,0.326374,327.163342,851.49952
"Texas","Coke",2012,"COG mining—Direct and indirect",9.627241,9.245319,10.0515,0.743165,59.702768,192.639982
"Texas","Coke",2013,"COG mining—Direct and indirect",9.942491,9.539736,10.389346,0,0.503587,26.623856
"Texas","Coke",2014,"COG mining—Direct and indirect",9.987563,9.581442,10.438258,1.547093,1.929344,5.821768
"Texas","Concho",2012,"COG mining—Direct and indirect",0.362467,0.341804,0.386437,0.366895,1.804913,284.659852
"Texas","Concho",2013,"COG mining—Direct and indirect",0.360851,0.340431,0.384509,0,0,0.178537
"Texas","Concho",2014,"COG mining—Direct and indirect",0.361048,0.3406,0.384741,0,0,80.91804
"Texas","Concho",2015,"COG mining—Direct and indirect",0.361872,0.341305,0.385721,0,0.377652,135.159312
"Texas","Concho",2017,"COG mining—Direct and indirect",0.361321,0.340834,0.385066,0,150.918507,153.879216
"Texas","Concho",2018,"COG mining—Direct and indirect",0.362458,0.341805,0.386415,0.229214,181.226683,247.224705
"Texas","Concho",2019,"COG mining—Direct and indirect",0.362458,0.341805,0.386415,0.180535,214.760918,922.948785
"Texas","Cottle",2013,"COG mining—Direct and indirect",2.304638,2.20462,2.41766,0,0,0.870205
"Texas","Cottle",2014,"COG mining—Direct and indirect",2.30699,2.20678,2.420241,0,4.461366,98.533307
"Texas","Cottle",2016,"COG mining—Direct and indirect",2.308652,2.208232,2.422183,1.588709,178.612366,174.149509
"Texas","Crane",2012,"COG mining—Direct and indirect",59.963077,58.174166,61.955084,5.9161,7.768791,998.098381
"Texas","Crane",2013,"COG mining—Direct and indirect",66.784699,65.038587,68.662845,7.724346,1131.089683,3946.024376
"Texas","Crane",2014,"COG mining—Direct and indirect",68.1463,66.363836,70.059399,39.161331,570.277946,2588.258009
"Texas","Crane",2015,"COG mining—Direct and indirect",69.765557,67.807573,71.89122,40.402363,56.278819,1322.458599
"Texas","Crane",2016,"COG mining—Direct and indirect",69.174803,67.305672,71.190383,2.212351,2.55717,6.869248
"Texas","Crane",2017,"COG mining—Direct and indirect",69.160304,67.345248,71.106331,2.888273,3.166819,274.991798
"Texas","Crane",2018,"COG mining—Direct and indirect",72.246392,70.099105,74.596287,4.314479,9.856194,571.420468
"Texas","Crane",2019,"COG mining—Direct and indirect",72.569286,70.389909,74.958448,37.963496,45.78555,1619.463715
"Texas","Crane",2020,"COG mining—Direct and indirect",73.249775,70.975699,75.758752,55.659819,446.362529,1913.775328
"Texas","Crane",2021,"COG mining—Direct and indirect",73.459901,71.157577,76.004747,83.163471,616.578417,2333.740478
"Texas","Crockett",2012,"COG mining—Direct and indirect",162.360193,159.740347,165.118447,3.805222,280.767713,817.129143
"Texas","Crockett",2013,"COG mining—Direct and indirect",393.248021,386.378799,400.392346,0.776099,1008.682562,2478.861654
"Texas","Crockett",2014,"COG mining—Direct and indirect",489.246638,479.454263,499.473606,122.38242,1324.113877,3033.461915
"Texas","Crockett",2015,"COG mining—Direct and indirect",496.218145,486.1366,506.758855,61.218788,461.168402,1006.100573
"Texas","Crockett",2016,"COG mining—Direct and indirect",531.434385,520.056344,543.349576,52.01092,350.619109,604.385541
"Texas","Crockett",2017,"COG mining—Direct and indirect",600.548705,586.419047,615.397385,68.465884,471.844593,720.195705
"Texas","Crockett",2018,"COG mining—Direct and indirect",596.524561,582.521872,611.251416,35.37167,324.088539,424.298427
"Texas","Crockett",2019,"COG mining—Direct and indirect",598.039354,583.966233,612.840274,0.229214,117.237511,575.390954
"Texas","Crockett",2020,"COG mining—Direct and indirect",603.463076,589.149007,618.524969,0.272199,424.762132,666.619385
"Texas","Crockett",2021,"COG mining—Direct and indirect",604.094642,589.754043,619.184679,0.042242,432.13639,731.188968
"Texas","Crosby",2012,"COG mining—Direct and indirect",11.36222,10.806214,12.001425,2.685666,2.438313,8.137141
"Texas","Crosby",2013,"COG mining—Direct and indirect",10.726209,10.268069,11.24109,0,124.064428,1162.161697
"Texas","Crosby",2014,"COG mining—Direct and indirect",10.922169,10.440718,11.465857,21.839184,710.898458,2309.087906
"Texas","Crosby",2015,"COG mining—Direct and indirect",11.186834,10.669595,11.775481,4.60366,3.668593,518.656942
"Texas","Crosby",2016,"COG mining—Direct and indirect",11.117695,10.609211,11.695379,11.098808,70.841312,607.726266
"Texas","Crosby",2017,"COG mining—Direct and indirect",10.892088,10.414496,11.430978,3.540464,5.962077,317.370066
"Texas","Crosby",2018,"COG mining—Direct and indirect",11.46798,10.913984,12.103025,2.675285,6.319241,4.54919
"Texas","Crosby",2019,"COG mining—Direct and indirect",11.461579,10.908603,12.095309,2.292138,6.032277,612.578877
"Texas","Culberson",2012,"COG mining—Direct and indirect",197.689068,193.927074,201.705361,1.48633,88.478869,32.458102
"Texas","Culberson",2013,"COG mining—Direct and indirect",622.047261,611.81709,632.659663,188.289868,327.868831,628.003908
"Texas","Culberson",2014,"COG mining—Direct and indirect",900.990778,884.543207,918.098248,464.390064,627.791419,1148.756972
"Texas","Culberson",2015,"COG mining—Direct and indirect",975.215013,956.181207,995.089564,574.466931,726.386993,1219.921842
"Texas","Culberson",2016,"COG mining—Direct and indirect",1127.630394,1103.707162,1152.670626,580.513536,701.135696,1004.366394
"Texas","Culberson",2017,"COG mining—Direct and indirect",1519.605382,1480.900006,1560.423884,631.63776,1016.220263,1543.266519
"Texas","Culberson",2018,"COG mining—Direct and indirect",1539.694227,1500.104657,1581.526772,662.334981,1225.16492,2025.854772
"Texas","Culberson",2019,"COG mining—Direct and indirect",1610.490562,1567.527891,1655.975377,700.997705,1437.04951,3090.821618
"Texas","Culberson",2020,"COG mining—Direct and indirect",1558.004281,1517.259582,1601.091961,591.111156,1124.225066,1828.16217
"Texas","Culberson",2021,"COG mining—Direct and indirect",1564.453957,1523.395811,1607.879754,592.266173,1147.108051,1926.57895
"Texas","Dawson",2012,"COG mining—Direct and indirect",49.055442,48.152623,50.00347,1.805451,3.589635,391.245371
"Texas","Dawson",2013,"COG mining—Direct and indirect",59.3266,58.083862,60.631448,0,76.999812,648.319206
"Texas","Dawson",2014,"COG mining—Direct and indirect",61.036493,59.726409,62.413109,0,152.045864,678.287914
"Texas","Dawson",2015,"COG mining—Direct and indirect",61.311076,59.98642,62.704061,0.540965,1.232865,55.585247
"Texas","Dawson",2016,"COG mining—Direct and indirect",61.828155,60.48355,63.242183,2.386055,1.03243,26.189382
"Texas","Dawson",2017,"COG mining—Direct and indirect",62.610438,61.236221,64.055521,14.680708,90.721637,91.22875
"Texas","Dawson",2018,"COG mining—Direct and indirect",62.652363,61.27077,64.106689,1.001279,51.526669,32.261851
"Texas","Dawson",2019,"COG mining—Direct and indirect",62.724943,61.340352,64.182471,10.541826,100.56963,741.833129
"Texas","Dawson",2020,"COG mining—Direct and indirect",62.783684,61.395963,64.244725,7.467903,384.83116,782.290764
"Texas","Dawson",2021,"COG mining—Direct and indirect",62.794884,61.40675,64.256356,9.97838,415.468508,897.631142
"Texas","Dickens",2013,"COG mining—Direct and indirect",0.173577,0.159284,0.19191,0,0,0.147353
"Texas","Dickens",2017,"COG mining—Direct and indirect",0.173635,0.15933,0.191989,0.199859,0.199859,153.848032
"Texas","Ector",2011,"COG mining—Direct and indirect",68.649663,61.173279,78.425143,14.40633,30.381285,152.833855
"Texas","Ector",2012,"COG mining—Direct and indirect",168.264449,163.179777,174.100688,14.54665,700.674701,1997.65329
"Texas","Ector",2013,"COG mining—Direct and indirect",294.934304,287.880245,302.560743,366.196048,3545.530729,8279.528188
"Texas","Ector",2014,"COG mining—Direct and indirect",328.259309,320.477318,336.542105,432.180535,2643.527007,6177.123486
"Texas","Ector",2015,"COG mining—Direct and indirect",328.216962,320.291122,336.691716,219.858934,935.355933,2305.089909
"Texas","Ector",2016,"COG mining—Direct and indirect",331.418018,323.711271,339.580889,76.134343,72.633401,261.785824
"Texas","Ector",2017,"COG mining—Direct and indirect",354.122126,345.60373,363.126713,145.286581,488.52469,1020.692731
"Texas","Ector",2018,"COG mining—Direct and indirect",362.754447,353.410946,372.747342,83.070189,177.927006,369.399884
"Texas","Ector",2019,"COG mining—Direct and indirect",367.443807,357.830496,377.743324,124.506454,405.320323,1468.213928
"Texas","Ector",2020,"COG mining—Direct and indirect",363.695653,354.345407,373.688936,21.553757,131.267696,290.172472
"Texas","Ector",2021,"COG mining—Direct and indirect",362.700385,353.441415,372.584025,7.454299,68.852685,202.429667
"Texas","Edwards",2012,"COG mining—Direct and indirect",0.694981,0.594181,0.846862,0.694981,0.694981,0.694981
"Texas","Fisher",2012,"COG mining—Direct and indirect",18.268829,17.860841,18.701403,1.174879,1.734051,239.137134
"Texas","Fisher",2013,"COG mining—Direct and indirect",19.457595,19.004896,19.937069,0,0,56.197409
"Texas","Fisher",2014,"COG mining—Direct and indirect",19.631919,19.171708,20.119469,0,0,1.548125
"Texas","Fisher",2015,"COG mining—Direct and indirect",19.675181,19.211896,20.166335,0.355941,0,21.9422
"Texas","Fisher",2017,"COG mining—Direct and indirect",19.795126,19.327638,20.290546,0.406071,0.285882,40.662105
"Texas","Fisher",2018,"COG mining—Direct and indirect",19.814928,19.344825,20.313603,4.754657,61.253685,201.701986
"Texas","Fisher",2019,"COG mining—Direct and indirect",19.821535,19.351152,20.320508,11.521662,94.78792,877.426066
"Texas","Fisher",2020,"COG mining—Direct and indirect",19.829032,19.358118,20.328627,11.189971,394.558177,951.730899
"Texas","Fisher",2021,"COG mining—Direct and indirect",19.829142,19.358257,20.328698,8.184676,394.178072,999.376883
"Texas","Gaines",2012,"COG mining—Direct and indirect",44.190532,42.911309,45.602835,4.153905,7.207068,28.540574
"Texas","Gaines",2013,"COG mining—Direct and indirect",47.664487,46.418317,49.003813,1.824928,570.02733,1876.432668
"Texas","Gaines",2014,"COG mining—Direct and indirect",48.709032,47.407922,50.109831,41.797462,683.8452,1991.019369
"Texas","Gaines",2015,"COG mining—Direct and indirect",49.584582,48.18519,51.104936,43.038494,169.846073,725.219959
"Texas","Gaines",2016,"COG mining—Direct and indirect",49.431028,48.06317,50.911678,13.029071,6.371646,69.650949
"Texas","Gaines",2017,"COG mining—Direct and indirect",49.421939,48.084766,50.862824,62.766524,250.311534,591.627477
"Texas","Gaines",2018,"COG mining—Direct and indirect",50.930055,49.420292,52.582256,25.511999,79.29239,244.959404
"Texas","Gaines",2019,"COG mining—Direct and indirect",50.898468,49.395189,52.542376,17.024531,27.528628,734.523901
"Texas","Gaines",2020,"COG mining—Direct and indirect",50.880948,49.37672,52.526345,0.916855,4.066312,47.266802
"Texas","Gaines",2021,"COG mining—Direct and indirect",50.888524,49.383568,52.534814,1.40932,32.252974,213.377974
"Texas","Garza",2012,"COG mining—Direct and indirect",2.728703,2.629258,2.839481,0.495443,1.804913,255.591811
"Texas","Garza",2013,"COG mining—Direct and indirect",2.716931,2.620165,2.824282,0,0,4.957692
"Texas","Garza",2014,"COG mining—Direct and indirect",2.721328,2.624147,2.829181,0,0,68.773597
"Texas","Garza",2015,"COG mining—Direct and indirect",2.733636,2.634883,2.843438,0,0.237294,106.091271
"Texas","Garza",2016,"COG mining—Direct and indirect",2.732027,2.633523,2.841516,0.165122,0.705314,161.313397
"Texas","Garza",2017,"COG mining—Direct and indirect",2.726793,2.629036,2.835349,0,67.792898,158.658371
"Texas","Garza",2018,"COG mining—Direct and indirect",2.743844,2.643874,2.855153,0.80331,137.016372,336.621852
"Texas","Garza",2019,"COG mining—Direct and indirect",2.744138,2.644136,2.855487,2.613587,209.322423,1096.963925
"Texas","Garza",2020,"COG mining—Direct and indirect",2.745746,2.645531,2.857358,0.122624,447.057774,1035.879969
"Texas","Glasscock",2011,"COG mining—Direct and indirect",93.233247,82.267703,107.838607,39.873253,58.15611,1086.136547
"Texas","Glasscock",2012,"COG mining—Direct and indirect",248.043933,239.942381,257.442294,421.191554,1867.72098,3557.129126
"Texas","Glasscock",2013,"COG mining—Direct and indirect",907.947862,887.932418,929.153464,1129.201371,4417.911203,9195.907281
"Texas","Glasscock",2014,"COG mining—Direct and indirect",1553.50983,1515.370434,1593.827751,1324.155498,4237.063266,8667.397239
"Texas","Glasscock",2015,"COG mining—Direct and indirect",1493.497164,1459.207072,1529.723132,1091.032343,2412.576744,4541.509685
"Texas","Glasscock",2016,"COG mining—Direct and indirect",1667.524615,1630.908489,1705.93425,895.997249,1262.942769,1872.032456
"Texas","Glasscock",2017,"COG mining—Direct and indirect",2787.530433,2709.403927,2870.359016,988.724583,1810.658234,2918.640536
"Texas","Glasscock",2018,"COG mining—Direct and indirect",2938.227544,2853.384953,3028.607125,1045.770441,2166.935794,3722.77716
"Texas","Glasscock",2019,"COG mining—Direct and indirect",3084.959198,2992.572251,3183.533992,1046.990366,2169.452575,4330.806847
"Texas","Glasscock",2020,"COG mining—Direct and indirect",2680.221065,2608.037491,2756.688576,851.124055,1375.857608,2018.884292
"Texas","Glasscock",2021,"COG mining—Direct and indirect",2685.952438,2613.641524,2762.545532,846.73199,1367.72314,2049.606678
"Texas","Hale",2014,"COG mining—Direct and indirect",0.541304,0.500763,0.592269,0.541304,0.541304,0.541304
"Texas","Hockley",2012,"COG mining—Direct and indirect",7.87652,7.612874,8.168594,0.943549,2.556889,207.925388
"Texas","Hockley",2013,"COG mining—Direct and indirect",7.925614,7.668773,8.207917,0,0,8.062065
"Texas","Hockley",2014,"COG mining—Direct and indirect",7.9555,7.696419,8.240451,0,0.304925,88.801568
"Texas","Hockley",2015,"COG mining—Direct and indirect",8.004264,7.738832,8.297173,0.315559,8.998909,41.501249
"Texas","Hockley",2016,"COG mining—Direct and indirect",8.001124,7.736626,8.292813,0.29498,76.799972,29.028983
"Texas","Hockley",2017,"COG mining—Direct and indirect",7.987163,7.725366,8.27538,0.143457,167.008003,77.144752
"Texas","Hockley",2018,"COG mining—Direct and indirect",8.059314,7.787694,8.359915,6.444109,453.496293,728.96899
"Texas","Hockley",2019,"COG mining—Direct and indirect",8.053447,7.782663,8.352985,0.61367,223.382176,829.290722
"Texas","Howard",2011,"COG mining—Direct and indirect",71.012141,64.934174,78.453357,17.768927,35.818542,1313.871869
"Texas","Howard",2012,"COG mining—Direct and indirect",234.136089,228.555925,240.200008,15.490562,1263.806164,2515.594562
"Texas","Howard",2013,"COG mining—Direct and indirect",895.775177,878.631444,913.672096,456.428276,3023.051331,6428.165671
"Texas","Howard",2014,"COG mining—Direct and indirect",1575.476442,1543.268766,1609.129395,702.692907,3129.114837,6525.828773
"Texas","Howard",2015,"COG mining—Direct and indirect",1631.452432,1597.464148,1667.052104,617.954179,2134.345187,4210.766257
"Texas","Howard",2016,"COG mining—Direct and indirect",1974.116545,1932.271802,2017.903632,528.313631,1574.042823,2827.482513
"Texas","Howard",2017,"COG mining—Direct and indirect",4339.325619,4218.18174,4467.707714,725.04874,2703.335535,5143.360479
"Texas","Howard",2018,"COG mining—Direct and indirect",5054.217617,4901.021948,5217.818358,830.63156,3331.015809,6539.823051
"Texas","Howard",2019,"COG mining—Direct and indirect",7348.688236,7058.731563,7665.34291,971.91529,4116.723284,8857.136185
"Texas","Howard",2020,"COG mining—Direct and indirect",5343.664969,5164.630482,5536.208502,769.115128,3284.3565,6460.595638
"Texas","Howard",2021,"COG mining—Direct and indirect",5192.246178,5024.349363,5372.287095,745.308278,3167.660945,6254.387644
"Texas","Hudspeth",2016,"COG mining—Direct and indirect",1.037392,0.984728,1.098864,0,0,0.334665
"Texas","Hudspeth",2018,"COG mining—Direct and indirect",1.038112,0.985317,1.099771,0.229214,2.33729,91.025127
"Texas","Hudspeth",2019,"COG mining—Direct and indirect",1.038125,0.985329,1.099785,0.313127,35.871525,766.749207
"Texas","Irion",2011,"COG mining—Direct and indirect",23.796086,22.266987,25.610652,12.305141,25.731833,1072.240453
"Texas","Irion",2012,"COG mining—Direct and indirect",193.335307,189.750291,197.148417,6.844297,542.812069,1427.783222
"Texas","Irion",2013,"COG mining—Direct and indirect",607.065295,596.518562,618.030069,129.256935,1860.058528,4375.709217
"Texas","Irion",2014,"COG mining—Direct and indirect",859.874189,842.872561,877.613189,371.36125500000003,1942.858944,4422.601524
"Texas","Irion",2015,"COG mining—Direct and indirect",869.961558,852.592157,888.10349,263.047431,816.265117,1819.837834
"Texas","Irion",2016,"COG mining—Direct and indirect",971.806777,951.147562,993.422173,213.623223,480.839289,927.338445
"Texas","Irion",2017,"COG mining—Direct and indirect",1224.356589,1194.202718,1256.09582,214.823714,516.766777,856.989026
"Texas","Irion",2018,"COG mining—Direct and indirect",1237.089697,1206.215325,1269.641856,244.134165,717.95707,1322.65368
"Texas","Irion",2019,"COG mining—Direct and indirect",1280.142576,1247.293503,1314.825669,278.636577,906.578571,2336.84973
"Texas","Irion",2020,"COG mining—Direct and indirect",1249.556374,1218.091191,1282.744423,174.297111,624.771581,1141.884676
"Texas","Irion",2021,"COG mining—Direct and indirect",1246.67397,1215.3725,1279.682683,161.584423,570.110933,1071.065471
"Texas","Jeff Davis",2017,"COG mining—Direct and indirect",13.742726,13.111217,14.446369,9.013863,0.18634,9.200203
"Texas","Jeff Davis",2018,"COG mining—Direct and indirect",13.744371,13.112348,14.448852,7.611383,23.84329,102.54569
"Texas","Jones",2013,"COG mining—Direct and indirect",0.56036300000000006,0.522559,0.605946,0,0,20.91183
"Texas","Jones",2014,"COG mining—Direct and indirect",0.560701,0.522839,0.606366,0,0,0.109742
"Texas","Jones",2015,"COG mining—Direct and indirect",0.562209,0.524066,0.608264,0.474588,0.914515,138.969006
"Texas","Jones",2021,"COG mining—Direct and indirect",0.563469,0.525093,0.609847,0.662689,514.687933,1048.709296
"Texas","Kent",2012,"COG mining—Direct and indirect",1.294341,1.24796,1.345943,0.495443,1.804913,268.278647
"Texas","Kent",2013,"COG mining—Direct and indirect",1.296891,1.250564,1.348372,0,0,0.72093
"Texas","Kent",2015,"COG mining—Direct and indirect",1.2986,1.252077,1.350332,0,0.237294,118.778106
"Texas","Kent",2017,"COG mining—Direct and indirect",1.298438,1.251984,1.350075,0,3.014178,137.498011
"Texas","Kent",2019,"COG mining—Direct and indirect",1.299637,1.252997,1.351516,0.681082,66.856588,906.56758
"Texas","Kent",2020,"COG mining—Direct and indirect",1.299787,1.253125,1.351694,0.481365,366.626845,980.872412
"Texas","King",2012,"COG mining—Direct and indirect",2.014871,1.923501,2.118732,0.247722,2.249136,63.92249
"Texas","King",2013,"COG mining—Direct and indirect",1.993459,1.905455,2.09304,0,0.9794,168.683939
"Texas","King",2014,"COG mining—Direct and indirect",1.996881,1.908469,2.096969,0,1.073287,198.652648
"Texas","King",2015,"COG mining—Direct and indirect",2.009734,1.919568,2.112029,0.447177,1.542409,117.505131
"Texas","King",2016,"COG mining—Direct and indirect",2.007411,1.917575,2.109289,0.426598,2.561657,105.032865
"Texas","King",2017,"COG mining—Direct and indirect",2.000879,1.911964,2.101596,0,22.980418,0.836248
"Texas","King",2018,"COG mining—Direct and indirect",2.019134,1.927715,2.123008,0.30099,45.820356,77.258137
"Texas","King",2019,"COG mining—Direct and indirect",2.019061,1.927655,2.122919,0.158111,63.845865,719.135021
"Texas","Loving",2011,"COG mining—Direct and indirect",81.894737,73.698172,92.310621,17.979023,55.176217,302.211839
"Texas","Loving",2012,"COG mining—Direct and indirect",228.067126,222.880302,233.668487,128.616891,655.060413,133.123055
"Texas","Loving",2013,"COG mining—Direct and indirect",789.318031,775.402957,803.784157,489.934121,1266.659812,1541.001589
"Texas","Loving",2014,"COG mining—Direct and indirect",1273.405795,1249.541391,1298.24518,733.425211,1357.214591,1604.817493
"Texas","Loving",2015,"COG mining—Direct and indirect",1483.587235,1453.526954,1515.064429,921.88024,1890.054509,2623.703879
"Texas","Loving",2016,"COG mining—Direct and indirect",1902.475833,1860.019566,1947.072687,963.982875,2066.416658,2848.161991
"Texas","Loving",2017,"COG mining—Direct and indirect",3662.40588,3554.512099,3777.152972,1091.379467,2807.991206,4317.860034
"Texas","Loving",2018,"COG mining—Direct and indirect",4104.381121,3977.004063,4241.175281,1183.094584,3358.127847,5545.08662
"Texas","Loving",2019,"COG mining—Direct and indirect",4309.831158,4171.6793,4458.211977,1170.446805,3283.100996,5983.880322
"Texas","Loving",2020,"COG mining—Direct and indirect",3988.124384,3860.640353,4125.073185,1067.494108,3009.048369,4805.838866
"Texas","Loving",2021,"COG mining—Direct and indirect",3580.481983,3478.810282,3688.645458,972.961971,2496.880287,3736.52735
"Texas","Lubbock",2013,"COG mining—Direct and indirect",1.437074,1.36809,1.516872,0,0,54.792203
"Texas","Lubbock",2014,"COG mining—Direct and indirect",1.438063,1.368967,1.518006,0,0,0.142919
"Texas","Lubbock",2015,"COG mining—Direct and indirect",1.440255,1.370762,1.520749,0.197332,1.673836,122.078584
"Texas","Lubbock",2018,"COG mining—Direct and indirect",1.442144,1.37235,1.523047,0.987538,190.27723,251.067576
"Texas","Lynn",2012,"COG mining—Direct and indirect",3.959318,3.745102,4.210756,0.743165,5.625252,272.164342
"Texas","Lynn",2013,"COG mining—Direct and indirect",3.999824,3.783231,4.253245,4.438763,0.167862,4.606625
"Texas","Martin",2011,"COG mining—Direct and indirect",69.175245,64.057401,75.252317,15.882095,385.879857,1308.837264
"Texas","Martin",2012,"COG mining—Direct and indirect",255.03915,247.205731,263.926256,405.383607,2908.84615,5336.800904
"Texas","Martin",2013,"COG mining—Direct and indirect",1017.866013,995.420306,1041.565358,1110.619883,5443.527646,10941.731861
"Texas","Martin",2014,"COG mining—Direct and indirect",1911.240531,1865.394041,1959.565372,1301.413701,5239.41662,10362.451024
"Texas","Martin",2015,"COG mining—Direct and indirect",1723.747335,1686.909462,1762.371689,975.376932,2895.387756,5102.682371
"Texas","Martin",2016,"COG mining—Direct and indirect",2077.084828,2032.2239,2124.059034,862.161287,2203.261217,3431.697452
"Texas","Martin",2017,"COG mining—Direct and indirect",4800.203152,4669.276417,4938.756605,1049.189005,3278.273386,5629.11023
"Texas","Martin",2018,"COG mining—Direct and indirect",6819.067221,6597.453482,7056.917045,1244.911897,4409.987275,8125.606703
"Texas","Martin",2019,"COG mining—Direct and indirect",13039.043686,12387.018662,13772.580532,1411.157493,5335.273288,10747.54461
"Texas","Martin",2020,"COG mining—Direct and indirect",5772.089033,5594.418113,5961.857431,1068.293527,3719.715812,6641.720616
"Texas","Martin",2021,"COG mining—Direct and indirect",6853.763116,6611.155465,7115.734616,1145.720911,4169.088778,7670.935312
"Texas","McCulloch",2020,"COG mining—Direct and indirect",0.551002,0.496006,0.623598,0.464901,0.741032,0.741032
"Texas","McCulloch",2021,"COG mining—Direct and indirect",0.550957,0.495971,0.623533,0.229214,0.360927,48.387016
"Texas","Menard",2012,"COG mining—Direct and indirect",0.304978,0.270227,0.35160400000000003,0.247722,0.247722,3.890713
"Texas","Menard",2020,"COG mining—Direct and indirect",0.305039,0.270276,0.351684,0.062098,0.182186,733.408076
"Texas","Midland",2011,"COG mining—Direct and indirect",54.814352,51.427018,58.721685,17.068637,2263.203773,1848.979589
"Texas","Midland",2012,"COG mining—Direct and indirect",230.941988,225.880036,236.361628,247.178124,3770.348474,3659.951827
"Texas","Midland",2013,"COG mining—Direct and indirect",928.406479,910.224633,947.392926,890.009734,5956.083622,8503.320853
"Texas","Midland",2014,"COG mining—Direct and indirect",1747.82036,1709.77099,1787.67878,1205.612883,6449.865293,9447.163879
"Texas","Midland",2015,"COG mining—Direct and indirect",1907.935376,1864.030461,1954.152826,1201.306833,5904.848713,8113.670075
"Texas","Midland",2016,"COG mining—Direct and indirect",2748.921398,2673.989417,2828.416472,1278.078727,6275.069944,8761.218149
"Texas","Midland",2017,"COG mining—Direct and indirect",7322.80527,7063.036078,7602.497619,1322.269098,6551.382694,9215.500283
"Texas","Midland",2018,"COG mining—Direct and indirect",16674.386286,15836.960989,17616.932449,1565.142182,7946.744934,12287.399104
"Texas","Midland",2019,"COG mining—Direct and indirect",15544.321019,14820.240047,16345.326497,1502.570671,7592.561005,12116.94326
"Texas","Midland",2020,"COG mining—Direct and indirect",7579.785363,7310.899445,7869.720833,1248.460007,6473.282779,9094.22957
"Texas","Midland",2021,"COG mining—Direct and indirect",7956.38606,7666.084007,8270.115013,1260.709186,6558.200671,9328.035137
"Texas","Mitchell",2012,"COG mining—Direct and indirect",18.882851,18.298305,19.527359,4.250769,223.837278,1096.283453
"Texas","Mitchell",2013,"COG mining—Direct and indirect",19.517873,18.937411,20.149357,0,331.403064,1404.128084
"Texas","Mitchell",2014,"COG mining—Direct and indirect",19.643647,19.057819,20.280828,0,1.506498,350.986489
"Texas","Mitchell",2015,"COG mining—Direct and indirect",19.816183,19.209101,20.47982,0.4403,1.186469,83.67939
"Texas","Mitchell",2017,"COG mining—Direct and indirect",19.801544,19.205185,20.450942,0,0.232604,0.857703
"Texas","Mitchell",2018,"COG mining—Direct and indirect",20.040425,19.412043,20.730089,2.228189,34.527205,195.744782
"Texas","Mitchell",2019,"COG mining—Direct and indirect",20.039391,19.411563,20.728312,0.229214,6.026534,736.080075
"Texas","Mitchell",2021,"COG mining—Direct and indirect",20.068403,19.436741,20.762175,0,313.171048,874.954489
"Texas","Nolan",2012,"COG mining—Direct and indirect",8.663273,8.458801,8.881595,1.11123,2.138783,201.451862
"Texas","Nolan",2013,"COG mining—Direct and indirect",8.888098,8.676493,9.113603,0,0.4386,204.671721
"Texas","Nolan",2014,"COG mining—Direct and indirect",8.922807,8.709669,9.14998,0,0.173783,150.022436
"Texas","Nolan",2015,"COG mining—Direct and indirect",8.937084,8.722616,9.165857,0.355941,0.355941,1.180527
"Texas","Nolan",2016,"COG mining—Direct and indirect",8.945405,8.730741,9.174352,0.58996,0.514211,56.402654
"Texas","Nolan",2017,"COG mining—Direct and indirect",8.955288,8.740628,9.184136,0.578212,0.394373,36.82403
"Texas","Nolan",2018,"COG mining—Direct and indirect",8.968381,8.752087,9.199238,2.153256,46.401663,164.016715
"Texas","Nolan",2019,"COG mining—Direct and indirect",8.969564,8.753225,9.200466,7.533492,72.181535,822.817197
"Texas","Nolan",2020,"COG mining—Direct and indirect",8.97185,8.755298,9.20301,3.04149,348.688702,846.351234
"Texas","Nolan",2021,"COG mining—Direct and indirect",8.971827,8.755291,9.202968,2.809736,363.817323,927.844414
"Texas","Pecos",2012,"COG mining—Direct and indirect",195.548231,191.926192,199.402651,4.850752,485.803777,1210.677498
"Texas","Pecos",2013,"COG mining—Direct and indirect",613.743411,603.697216,624.161104,0,415.019207,1129.279364
"Texas","Pecos",2014,"COG mining—Direct and indirect",881.964013,865.925095,898.641067,185.572622,652.906889,1514.643641
"Texas","Pecos",2015,"COG mining—Direct and indirect",951.035024,932.655744,970.20808,290.411649,720.48501,1518.114117
"Texas","Pecos",2016,"COG mining—Direct and indirect",1099.920786,1076.734748,1124.174431,306.165648,749.514256,1421.023858
"Texas","Pecos",2017,"COG mining—Direct and indirect",1471.081399,1433.893797,1510.279748,357.289871,1064.598822,1959.923984
"Texas","Pecos",2018,"COG mining—Direct and indirect",1490.947022,1452.915922,1531.096198,390.760633,1289.052206,2476.359433
"Texas","Pecos",2019,"COG mining—Direct and indirect",1579.436165,1537.176176,1624.164712,457.158764,1656.024062,3879.798249
"Texas","Pecos",2020,"COG mining—Direct and indirect",1519.521594,1479.816023,1561.489945,334.791282,1273.410349,2464.826414
"Texas","Pecos",2021,"COG mining—Direct and indirect",1501.026731,1462.337158,1541.887973,302.663809,1110.188615,2157.07683
"Texas","Reagan",2011,"COG mining—Direct and indirect",62.00106,56.00431,69.593559,21.552625,640.727692,1576.82425
"Texas","Reagan",2012,"COG mining—Direct and indirect",231.753548,226.153126,237.881129,287.768987,1806.680408,2643.158155
"Texas","Reagan",2013,"COG mining—Direct and indirect",896.408181,879.147163,914.42089,773.895549,3116.172505,5574.160552
"Texas","Reagan",2014,"COG mining—Direct and indirect",1678.354718,1640.806892,1717.739413,1131.101807,3842.585073,7025.711533
"Texas","Reagan",2015,"COG mining—Direct and indirect",1746.449672,1705.933733,1789.101501,1051.91016,2878.832876,4778.34341
"Texas","Reagan",2016,"COG mining—Direct and indirect",2070.343523,2022.622863,2120.455836,908.185569,2016.110344,2735.039326
"Texas","Reagan",2017,"COG mining—Direct and indirect",4451.714068,4307.824667,4605.594953,1048.063094,2827.47416,4357.049754
"Texas","Reagan",2018,"COG mining—Direct and indirect",5050.469144,4885.230773,5227.616976,1137.00467,3362.102076,5550.429144
"Texas","Reagan",2019,"COG mining—Direct and indirect",4818.438957,4665.185054,4982.302843,1057.791915,2914.865787,5176.890118
"Texas","Reagan",2020,"COG mining—Direct and indirect",3915.616286,3806.211801,4031.629013,864.699146,2136.779546,2898.814761
"Texas","Reagan",2021,"COG mining—Direct and indirect",4227.063959,4101.555927,4360.654093,915.777894,2438.819609,3606.481085
"Texas","Reeves",2011,"COG mining—Direct and indirect",45.343246,42.826913,48.205024,17.928631,612.296315,1070.780196
"Texas","Reeves",2012,"COG mining—Direct and indirect",221.327958,216.879017,226.041685,211.288017,1692.951035,1950.954518
"Texas","Reeves",2013,"COG mining—Direct and indirect",842.085321,826.324236,858.496565,736.244148,3219.565303,5355.817672
"Texas","Reeves",2014,"COG mining—Direct and indirect",1420.436777,1390.727092,1451.483564,979.735238,3310.120083,5419.633578
"Texas","Reeves",2015,"COG mining—Direct and indirect",1557.17073,1524.882057,1590.915278,1019.805841,3013.243128,4627.694925
"Texas","Reeves",2016,"COG mining—Direct and indirect",1939.459026,1897.554236,1983.306442,989.796418,2786.378386,3972.125916
"Texas","Reeves",2017,"COG mining—Direct and indirect",5415.85372,5260.332324,5580.91575,1354.330739,4853.949057,8335.7593
"Texas","Reeves",2018,"COG mining—Direct and indirect",15542.104451,14755.947913,16428.497321,1731.720545,7001.484536,13049.247175
"Texas","Reeves",2019,"COG mining—Direct and indirect",17115.164171,16244.252487,18089.633146,1701.044753,6825.650963,13268.034096
"Texas","Reeves",2020,"COG mining—Direct and indirect",3856.142981,3742.567874,3976.887992,1035.063297,3403.326839,5219.011655
"Texas","Reeves",2021,"COG mining—Direct and indirect",3701.92047,3592.311208,3818.479645,994.615202,3193.578924,4809.720479
"Texas","Schleicher",2012,"COG mining—Direct and indirect",19.745035,19.264589,20.255664,1.000663,10.812844,209.300238
"Texas","Schleicher",2013,"COG mining—Direct and indirect",21.208899,20.664119,21.788049,0,0.450625,161.749301
"Texas","Schleicher",2014,"COG mining—Direct and indirect",21.42013,20.865192,22.010264,0,0.042325,73.252819
"Texas","Schleicher",2015,"COG mining—Direct and indirect",21.463272,20.905447,22.056766,0.309024,20.617541,25.9525
"Texas","Schleicher",2016,"COG mining—Direct and indirect",21.526494,20.965792,22.123045,0.606692,127.19042,98.098225
"Texas","Schleicher",2017,"COG mining—Direct and indirect",21.616602,21.052009,22.217215,0.073272,170.872271,44.672404
"Texas","Schleicher",2021,"COG mining—Direct and indirect",21.643126,21.075964,22.246899,0.399769,526.63659500000006,918.769191
"Texas","Scurry",2012,"COG mining—Direct and indirect",42.960717,42.098439,43.874132,1.449668,2.577245,215.66728
"Texas","Scurry",2013,"COG mining—Direct and indirect",50.097453,49.00363,51.251501,0,15.379738,658.9007
"Texas","Scurry",2014,"COG mining—Direct and indirect",51.258762,50.118256,52.462733,0,1.975324,485.786226
"Texas","Scurry",2015,"COG mining—Direct and indirect",51.521155,50.362671,52.746041,1.319737,1.081367,83.090338
"Texas","Scurry",2016,"COG mining—Direct and indirect",51.854158,50.683911,53.091185,19.847276,0.73745,19.847276
"Texas","Scurry",2017,"COG mining—Direct and indirect",52.350876,51.164507,53.604132,34.91547,36.855926,118.733841
"Texas","Scurry",2018,"COG mining—Direct and indirect",52.511891,51.306755,53.788123,55.905299,191.52004,482.856905
"Texas","Scurry",2019,"COG mining—Direct and indirect",52.542938,51.336881,53.820063,48.804602,147.510641,989.345
"Texas","Scurry",2020,"COG mining—Direct and indirect",52.587443,51.378185,53.868327,40.152289,400.754718,962.108242
"Texas","Scurry",2021,"COG mining—Direct and indirect",52.588027,51.378979,53.868628,37.146994,400.374613,1009.754226
"Texas","Sterling",2012,"COG mining—Direct and indirect",33.188931,32.498233,33.918485,1.577486,3.270565,373.888875
"Texas","Sterling",2013,"COG mining—Direct and indirect",37.490079,36.641405,38.385892,0,1.583691,394.032333
"Texas","Sterling",2014,"COG mining—Direct and indirect",38.162641,37.285422,39.089066,0,108.338771,542.46623
"Texas","Sterling",2015,"COG mining—Direct and indirect",38.282223,37.397544,39.217236,0.185701,0.711881,4.381555
"Texas","Sterling",2016,"COG mining—Direct and indirect",38.479031,37.586531,39.422265,0.228772,3.332692,8.832886
"Texas","Sterling",2017,"COG mining—Direct and indirect",38.76742,37.864023,39.721948,0.397165,78.031996,23.101459
"Texas","Sterling",2018,"COG mining—Direct and indirect",38.80703,37.898103,39.768467,0.612361,108.626297,116.446947
"Texas","Sterling",2019,"COG mining—Direct and indirect",38.830005,37.920138,39.792436,0.368543,111.143079,724.476633
"Texas","Sterling",2020,"COG mining—Direct and indirect",38.855551,37.94411,39.819788,0.168826,410.913335,798.781466
"Texas","Stonewall",2012,"COG mining—Direct and indirect",3.323622,3.188434,3.475629,0.94099,2.729253,216.295101
"Texas","Stonewall",2013,"COG mining—Direct and indirect",3.282738,3.154158,3.426425,0,1.602998,354.903748
"Texas","Stonewall",2014,"COG mining—Direct and indirect",3.289789,3.16048,3.434363,0,1.051217,232.560069
"Texas","Stonewall",2015,"COG mining—Direct and indirect",3.317081,3.18427,3.466,0.503949,1.305116,100.641758
"Texas","Stonewall",2016,"COG mining—Direct and indirect",3.312795,3.180574,3.460981,0.801618,11.495165,172.787484
"Texas","Stonewall",2017,"COG mining—Direct and indirect",3.2987,3.168376,3.444523,0,0.896473,0.896473
"Texas","Stonewall",2018,"COG mining—Direct and indirect",3.338832,3.203321,3.491104,2.169348,85.771317,212.70715
"Texas","Stonewall",2019,"COG mining—Direct and indirect",3.337953,3.202563,3.490071,0.229214,49.516283,736.118845
"Texas","Stonewall",2021,"COG mining—Direct and indirect",3.342039,3.206101,3.49484,0.042242,364.41516,891.916857
"Texas","Sutton",2012,"COG mining—Direct and indirect",2.448989,2.343489,2.569125,0.247722,0.479783,54.763085
"Texas","Sutton",2013,"COG mining—Direct and indirect",2.45881,2.353427,2.578508,0,0,7.212148
"Texas","Sutton",2018,"COG mining—Direct and indirect",2.468202,2.361555,2.589584,0.237341,222.150964,51.175134
"Texas","Sutton",2019,"COG mining—Direct and indirect",2.468267,2.361618,2.589651,0.213605,247.930836,709.975615
"Texas","Terrell",2014,"COG mining—Direct and indirect",5.338582,5.142928,5.554617,0,0,7.30765
"Texas","Terrell",2015,"COG mining—Direct and indirect",5.343505,5.147187,5.560424,0.222717,0.711881,95.396119
"Texas","Terrell",2016,"COG mining—Direct and indirect",5.346502,5.15007,5.563519,0.656838,1.021704,49.076655
"Texas","Terrell",2018,"COG mining—Direct and indirect",5.354294,5.15706,5.57233,7.592684,106.31531,156.690716
"Texas","Terry",2012,"COG mining—Direct and indirect",3.699609,3.574337,3.838301,0.990886,2.146799,223.751412
"Texas","Terry",2013,"COG mining—Direct and indirect",3.71832,3.593729,3.855807,0,0,40.811687
"Texas","Terry",2014,"COG mining—Direct and indirect",3.724432,3.5994,3.862439,0,0,3.086001
"Texas","Terry",2015,"COG mining—Direct and indirect",3.732994,3.60679,3.872493,0.490196,2.821913,91.17447
"Texas","Terry",2016,"COG mining—Direct and indirect",3.732981,3.606911,3.872292,0.660565,93.886066,129.472999
"Texas","Terry",2017,"COG mining—Direct and indirect",3.731285,3.605664,3.870005,3.384624,191.84846,194.512367
"Texas","Terry",2018,"COG mining—Direct and indirect",3.741854,3.614684,3.882558,0.916855,183.670945,203.239862
"Texas","Tom Green",2013,"COG mining—Direct and indirect",6.333353,6.147969,6.533405,0,0,4.122554
"Texas","Tom Green",2014,"COG mining—Direct and indirect",6.351419,6.16506,6.552547,0,0,0.244065
"Texas","Tom Green",2016,"COG mining—Direct and indirect",6.361892,6.174766,6.563926,0,0.824239,126.631063
"Texas","Tom Green",2017,"COG mining—Direct and indirect",6.368576,6.18124,6.570795,5.021987,66.979864,276.288423
"Texas","Tom Green",2018,"COG mining—Direct and indirect",6.371899,6.184014,6.574838,0.229214,27.784896,217.321525
"Texas","Tom Green",2019,"COG mining—Direct and indirect",6.372637,6.184712,6.575621,2.269875,84.582221,943.816401
"Texas","Upton",2011,"COG mining—Direct and indirect",82.714376,73.87323,94.163155,16.536211,1044.604431,1357.560527
"Texas","Upton",2012,"COG mining—Direct and indirect",246.430395,239.12595,254.718884,369.167083,2768.871304,3642.393523
"Texas","Upton",2013,"COG mining—Direct and indirect",994.148686,971.732836,1017.849622,1099.365225,5443.13134,9551.949254
"Texas","Upton",2014,"COG mining—Direct and indirect",1912.489781,1860.501815,1967.697057,1360.88433,5634.492842,9835.771939
"Texas","Upton",2015,"COG mining—Direct and indirect",1783.764204,1740.72859,1829.259335,1093.091915,3616.147236,5286.794423
"Texas","Upton",2016,"COG mining—Direct and indirect",2129.621451,2078.414217,2183.547188,957.687946,2799.950884,3345.031928
"Texas","Upton",2017,"COG mining—Direct and indirect",4057.974855,3937.897975,4185.662587,990.784155,3014.228728,3663.925273
"Texas","Upton",2018,"COG mining—Direct and indirect",4312.133628,4181.256161,4451.774452,1040.896161,3331.734471,4383.443906
"Texas","Upton",2019,"COG mining—Direct and indirect",4508.811028,4366.721164,4660.698957,1022.701301,3225.690166,4754.543213
"Texas","Upton",2020,"COG mining—Direct and indirect",4503.492946,4358.315955,4658.98783,976.606189,3269.566434,4270.369296
"Texas","Upton",2021,"COG mining—Direct and indirect",4502.417658,4357.839065,4657.212661,969.440582,3245.923239,4267.244484
"Texas","Ward",2012,"COG mining—Direct and indirect",208.848167,204.111638,214.037399,10.267427,563.669972,688.326839
"Texas","Ward",2013,"COG mining—Direct and indirect",664.677148,652.738347,677.144185,255.244343,2431.476225,4837.828327
"Texas","Ward",2014,"COG mining—Direct and indirect",954.208458,935.546245,973.702863,433.557228,2157.57593,4106.235104
"Texas","Ward",2015,"COG mining—Direct and indirect",946.599601,928.239119,965.796199,254.518115,635.509576,640.36789
"Texas","Ward",2016,"COG mining—Direct and indirect",1093.475412,1070.537105,1117.504263,278.592735,711.065002,644.819222
"Texas","Ward",2017,"COG mining—Direct and indirect",1517.343215,1477.855229,1559.061747,421.243802,1537.937545,2300.676847
"Texas","Ward",2018,"COG mining—Direct and indirect",1568.615781,1526.296181,1613.639715,481.0632,1909.723831,3138.660669
"Texas","Ward",2019,"COG mining—Direct and indirect",1576.777773,1534.196274,1622.025914,443.453555,1695.118441,3272.829597
"Texas","Ward",2020,"COG mining—Direct and indirect",1507.316427,1468.048872,1548.93544,308.605141,1242.715458,1705.545377
"Texas","Ward",2021,"COG mining—Direct and indirect",1486.591856,1448.467331,1526.944275,273.704128,1063.984997,1363.948595
"Texas","Winkler",2011,"COG mining—Direct and indirect",24.469131,22.861408,26.383125,13.016099,26.54614,781.155683
"Texas","Winkler",2012,"COG mining—Direct and indirect",162.253417,159.352949,165.344856,3.990878,5.411621,188.976936
"Texas","Winkler",2013,"COG mining—Direct and indirect",356.060751,349.755811,362.624434,0,338.439404,1122.994712
"Texas","Winkler",2014,"COG mining—Direct and indirect",424.69318,416.314991,433.440124,1.171463,56.784745,374.47789
"Texas","Winkler",2015,"COG mining—Direct and indirect",440.875317,431.803805,450.378621,100.544758,101.099776,327.17757
"Texas","Winkler",2016,"COG mining—Direct and indirect",469.298316,459.18468,479.90533,119.072297,145.637749,263.934508
"Texas","Winkler",2017,"COG mining—Direct and indirect",526.491189,514.093956,539.529436,203.479008,646.827034,1209.000997
"Texas","Winkler",2018,"COG mining—Direct and indirect",538.534018,525.372521,552.451093,303.514747,1243.489855,2537.769175
"Texas","Winkler",2019,"COG mining—Direct and indirect",541.066432,527.810672,555.079323,283.933117,1129.691188,2891.944884
"Texas","Winkler",2020,"COG mining—Direct and indirect",535.264658,522.271019,548.991146,178.20688,840.129835,1680.056232
"Texas","Winkler",2021,"COG mining—Direct and indirect",531.700723,518.904528,545.20713,134.985244,614.873194,1236.917859
"Texas","Yoakum",2012,"COG mining—Direct and indirect",79.585291,77.696918,81.650414,6.560839,8.753814,23.120285
"Texas","Yoakum",2013,"COG mining—Direct and indirect",100.904089,98.584954,103.366522,5.377555,697.195727,2175.637151
"Texas","Yoakum",2014,"COG mining—Direct and indirect",105.201077,102.71579,107.840383,35.005555,438.804158,1477.891125
"Texas","Yoakum",2015,"COG mining—Direct and indirect",106.953356,104.303984,109.789158,61.208454,64.383571,516.716487
"Texas","Yoakum",2016,"COG mining—Direct and indirect",108.097427,105.414171,110.966465,93.603696,186.465177,622.709409
"Texas","Yoakum",2017,"COG mining—Direct and indirect",109.491309,106.80898,112.345794,103.124809,268.918845,653.901581
"Texas","Yoakum",2018,"COG mining—Direct and indirect",111.776074,108.831366,114.952375,82.511528,190.95206,510.31669
"Texas","Yoakum",2019,"COG mining—Direct and indirect",111.678124,108.754186,114.827719,57.382817,46.135939,796.798005
"Texas","Yoakum",2020,"COG mining—Direct and indirect",111.669995,108.739555,114.828454,3.896635,35.731663,194.158898
"Texas","Yoakum",2021,"COG mining—Direct and indirect",111.813368,108.870222,114.987238,19.376571,151.667008,495.658859
