"State","County","Use","Year","Count","Mean.fitted","Mean.conf.low","Mean.conf.high","P5.fitted","P50.fitted","P95.fitted","Units"
"New Mexico","Eddy","Indirect","2011",2,64.978842,59.01865,72.278081,17.838194,35.537854,140.498515,"in million gallons of water use per county and year"
"New Mexico","Lea","Indirect","2011",1,54.107253,49.948938,59.020814,17.768927,35.181534,140.269301,
"Texas","Andrews","Indirect","2011",3,60.012318,53.986998,67.551532,14.856509,39.924936,142.263878,
"Texas","Ector","Indirect","2011",8,61.989519,54.624989,71.649257,14.40633,30.381285,142.151416,
"Texas","Glasscock","Indirect","2011",8,86.455852,75.606067,100.941358,16.798505,35.081362,142.151416,
"Texas","Howard","Indirect","2011",1,64.231228,58.269139,71.552465,17.768927,35.636028,140.269301,
"Texas","Irion","Indirect","2011",1,17.037343,15.623375,18.732718,12.305141,25.731833,140.269301,
"Texas","Loving","Indirect","2011",5,75.11604,67.035278,85.412024,17.979023,40.846682,141.186156,
"Texas","Martin","Indirect","2011",4,62.393908,57.391956,68.350986,15.882095,71.075708,142.863248,
"Texas","Midland","Indirect","2011",1,48.033434,44.761978,51.820788,17.068637,51.325924,140.269301,
"Texas","Reagan","Indirect","2011",2,55.218579,49.33776,62.691044,17.892634,36.241442,140.498515,
"Texas","Reeves","Indirect","2011",3,38.564428,36.163902,41.306302,17.928631,42.142432,140.727728,
"Texas","Upton","Indirect","2011",4,75.93233,67.2071,87.261089,16.536211,52.116409,140.956943,
"Texas","Winkler","Indirect","2011",1,17.761714,16.267406,19.558322,13.016099,26.54614,141.576882,
"New Mexico","Eddy","Indirect","2012",106,35.089266,32.82476,37.68937,14.159538,20.429578,27.887179,
"New Mexico","Lea","Indirect","2012",54,29.024552,27.395827,30.859179,10.844142,16.414467,15.968062,
"Texas","Andrews","Indirect","2012",277,49.431131,44.752063,55.202888,21.998284,37.012628,68.61889,
"Texas","Borden","Indirect","2012",6,3.293842,3.074437,3.546969,1.276794,2.373312,8.81162,
"Texas","Coke","Indirect","2012",3,0.549764,0.487726,0.629884,0.743165,2.921179,9.17221,
"Texas","Concho","Indirect","2012",2,0.228841,0.211375,0.249454,0.366895,1.804913,10.115177,
"Texas","Crane","Indirect","2012",67,13.91039,12.886313,15.111286,5.9161,7.768791,21.644725,
"Texas","Crockett","Indirect","2012",54,6.975127,6.490994,7.5373,3.805222,5.103957,15.968062,
"Texas","Crosby","Indirect","2012",13,5.653658,5.222861,6.16191,2.685666,2.438313,6.570295,
"Texas","Culberson","Indirect","2012",6,14.530522,13.500024,15.731343,1.48633,5.985066,4.965799,
"Texas","Dawson","Indirect","2012",22,1.854532,1.7325,1.995059,1.805451,3.589635,12.147341,
"Texas","Ector","Indirect","2012",172,38.650265,35.296929,42.707646,14.54665,19.577469,43.292909,
"Texas","Edwards","Indirect","2012",2,0.495443,0.4068,0.63348,0.495443,0.495443,0.495443,
"Texas","Fisher","Indirect","2012",7,0.973475,0.906888,1.050615,1.174879,1.734051,9.923934,
"Texas","Gaines","Indirect","2012",46,9.565625,8.889517,10.353045,4.153905,7.207068,14.134351,
"Texas","Garza","Indirect","2012",2,0.887894,0.827136,0.958287,0.495443,1.804913,9.768658,
"Texas","Glasscock","Indirect","2012",209,51.999241,46.988615,58.206037,19.293859,26.931962,51.77382,
"Texas","Hockley","Indirect","2012",6,1.775912,1.645882,1.928249,0.943549,2.556889,9.472695,
"Texas","Howard","Indirect","2012",127,36.439168,33.986359,39.273557,15.490562,22.106053,32.70067,
"Texas","Irion","Indirect","2012",77,13.628551,12.697593,14.706822,6.844297,8.61481,21.239979,
"Texas","Kent","Indirect","2012",2,0.233339,0.21423,0.256191,0.495443,1.804913,9.941917,
"Texas","King","Indirect","2012",1,0.926279,0.859218,1.004694,0.247722,2.249136,8.022728,
"Texas","Loving","Indirect","2012",50,33.632032,31.476302,36.104752,10.545042,21.505688,15.051206,
"Texas","Lynn","Indirect","2012",3,0.45887,0.397216,0.543178,0.743165,3.0159,9.997871,
"Texas","Martin","Indirect","2012",297,53.973399,49.370723,59.522492,24.233211,69.526478,73.573322,
"Texas","Menard","Indirect","2012",1,0.238448,0.206615,0.281876,0.247722,0.247722,3.81973,
"Texas","Midland","Indirect","2012",163,32.602624,30.689271,34.770421,17.081658,40.378625,40.952366,
"Texas","Mitchell","Indirect","2012",61,3.46061,3.201543,3.765295,4.250769,6.412878,21.9116,
"Texas","Nolan","Indirect","2012",6,0.785254,0.734203,0.843936,1.11123,2.138783,9.364455,
"Texas","Pecos","Indirect","2012",28,12.42097,11.532702,13.457487,4.850752,7.050044,10.090227,
"Texas","Reagan","Indirect","2012",120,32.858919,30.425829,35.714971,15.105072,22.13754,31.096173,
"Texas","Reeves","Indirect","2012",110,25.725882,24.348434,27.268526,14.440924,27.249379,28.804034,
"Texas","Schleicher","Indirect","2012",6,0.74983,0.692139,0.818011,1.000663,2.36603,9.304841,
"Texas","Scurry","Indirect","2012",10,2.665544,2.488933,2.869134,1.449668,2.577245,9.396775,
"Texas","Sterling","Indirect","2012",19,1.454704,1.354427,1.571017,1.577486,3.212133,12.012533,
"Texas","Stonewall","Indirect","2012",9,1.367127,1.273039,1.476232,0.94099,2.729253,9.992482,
"Texas","Sutton","Indirect","2012",1,0.43129,0.388774,0.484247,0.247722,0.247722,7.633587,
"Texas","Terry","Indirect","2012",4,0.708193,0.65373,0.772556,0.990886,2.146799,9.566556,
"Texas","Upton","Indirect","2012",194,46.616765,42.510061,51.601778,18.33142,43.177858,48.057995,
"Texas","Ward","Indirect","2012",79,25.90625,23.897,28.284388,10.267427,17.290688,21.698407,
"Texas","Winkler","Indirect","2012",21,13.490732,12.601318,14.515233,3.990878,5.411621,9.711586,
"Texas","Yoakum","Indirect","2012",50,11.905752,11.048076,12.907799,6.560839,8.753814,15.051207,
"New Mexico","Chaves","Indirect","2013",3,0.864236,0.799398,0.940521,0,0,0.167862,
"New Mexico","Eddy","Indirect","2013",345,21.082074,19.948696,22.351994,19.086614,34.727635,72.83927,
"New Mexico","Lea","Indirect","2013",239,17.724349,16.85941,18.682836000000002,12.33414,26.838511,48.542607,
"Texas","Andrews","Indirect","2013",769,40.057602,36.033999,45.092713,43.028706,69.461154,171.562074,
"Texas","Borden","Indirect","2013",43,2.995176,2.812172,3.203657,0,2.17969,7.462522,
"Texas","Cochran","Indirect","2013",14,0.872337,0.810814,0.943962,0,0,1.368156,
"Texas","Coke","Indirect","2013",9,0.540256,0.480228,0.617433,0,0.503587,0.717484,
"Texas","Concho","Indirect","2013",1,0.227157,0.209937,0.247454,0,0,0.055954,
"Texas","Cottle","Indirect","2013",1,0.22344,0.198505,0.25554,0,0,0.055954,
"Texas","Crane","Indirect","2013",257,10.686726,10.048975,11.410912,7.724346,18.55154,55.365339,
"Texas","Crockett","Indirect","2013",168,5.906053,5.551693,6.308735,0.776099,10.434391,32.268427,
"Texas","Crosby","Indirect","2013",97,4.889694,4.562354,5.267636,0,5.616518,15.994246,
"Texas","Culberson","Indirect","2013",57,10.172099,9.626085,10.783781,0,6.795818,6.825694,
"Texas","Dawson","Indirect","2013",53,1.754911,1.645163,1.880348,0,2.965567,9.422959,
"Texas","Dickens","Indirect","2013",1,0.074538,0.064589,0.088109,0,0,0.055954,
"Texas","Ector","Indirect","2013",559,27.396781,25.291649,29.884169,28.893865,44.493191,122.168644,
"Texas","Fisher","Indirect","2013",12,0.944004,0.881246,1.016387,0,0,1.239993,
"Texas","Gaines","Indirect","2013",171,7.699723,7.24693,8.212868,1.824928,13.326652,32.956068,
"Texas","Garza","Indirect","2013",3,0.863145,0.805607,0.929534,0,0,0.167862,
"Texas","Glasscock","Indirect","2013",558,31.258199,28.803742,34.169925,31.22239,49.121527,121.93943,
"Texas","Hockley","Indirect","2013",10,1.680061,1.563164,1.815854,0,0,0.559541,
"Texas","Howard","Indirect","2013",374,21.772796,20.568507,23.126878,20.926835,36.978038,79.486471,
"Texas","Irion","Indirect","2013",267,10.519595,9.931358,11.181903,8.652543,19.397558,54.960593,
"Texas","Jones","Indirect","2013",4,0.30394,0.274192,0.340927,0,0,0.397076,
"Texas","Kent","Indirect","2013",2,0.231591,0.212755,0.254086,0,0,0.111908,
"Texas","King","Indirect","2013",23,0.90033,0.836836,0.97425,0,0.9794,3.235422,
"Texas","Loving","Indirect","2013",149,17.690736,16.823041,18.652806000000002,6.561175,25.760007,27.913364,
"Texas","Lubbock","Indirect","2013",6,0.359125,0.323994,0.402802,0,0,0.855503,
"Texas","Lynn","Indirect","2013",3,0.452157,0.392177,0.533798,0,0.167862,0.167862,
"Texas","Martin","Indirect","2013",644,31.846664,29.521624,34.56924,36.034443,91.572561,143.280504,
"Texas","Midland","Indirect","2013",465,21.705595,20.535735,23.016792,26.018658,59.196364,100.344927,
"Texas","Mitchell","Indirect","2013",95,3.130791,2.91688,3.378559,0,6.004033,19.87486,
"Texas","Nolan","Indirect","2013",22,0.766327,0.717624,0.822123,0,0.4386,3.201867,
"Texas","Pecos","Indirect","2013",39,8.909344,8.423908,9.45415,0,4.991157,2.781569,
"Texas","Reagan","Indirect","2013",309,19.166419,18.114495,20.348047,16.849669,32.848548,64.587573,
"Texas","Reeves","Indirect","2013",327,16.937339,16.111768,17.852084,17.967709,39.969134,68.713421,
"Texas","Schleicher","Indirect","2013",19,0.732463,0.677311,0.797393,0,0.450625,2.454611,
"Texas","Scurry","Indirect","2013",52,2.468218,2.315785,2.642132,0,2.742328,9.193746,
"Texas","Sterling","Indirect","2013",36,1.391167,1.299143,1.497222,0,1.583691,6.079159,
"Texas","Stonewall","Indirect","2013",33,1.311537,1.22467,1.411668,0,1.602998,5.663604,
"Texas","Sutton","Indirect","2013",14,0.425487,0.384052,0.476945,0,0,0.783357,
"Texas","Terry","Indirect","2013",9,0.692466,0.640302,0.753884,0,0,0.882616,
"Texas","Tom Green","Indirect","2013",3,0.407017,0.373954,0.446494,0,0,0.167862,
"Texas","Upton","Indirect","2013",559,30.01743,27.740921,32.700978,31.278344,66.515279,121.891026,
"Texas","Ward","Indirect","2013",340,17.761746,16.675078,18.999917,16.594794,33.167046,71.693201,
"Texas","Winkler","Indirect","2013",92,9.757067,9.255406,10.316226,0,7.657193,16.155757,
"Texas","Yoakum","Indirect","2013",193,9.232206,8.692645,9.843182,5.377555,16.164736,37.998772,
"New Mexico","Chaves","Indirect","2014",1,0.866756,0.801556,0.943503,0,0,0.064082,
"New Mexico","Eddy","Indirect","2014",267,20.688504,19.619033,21.881295,17.109802,29.225726,55.315241,
"New Mexico","Lea","Indirect","2014",254,19.193204,18.223849,20.271475,16.27674,28.008513,52.335461,
"Texas","Andrews","Indirect","2014",900,70.745785,60.667304,84.840006,54.354658,78.95311,201.943731,
"Texas","Borden","Indirect","2014",28,3.018993,2.833283,3.230755,0,1.197463,4.378962,
"Texas","Cochran","Indirect","2014",9,0.874775,0.812923,0.946814,0,0,0.576735,
"Texas","Coke","Indirect","2014",6,0.541223,0.480992,0.618697,0,0.382251,0.38449,
"Texas","Concho","Indirect","2014",4,0.227345,0.210098,0.247677,0,0,1.098243,
"Texas","Cottle","Indirect","2014",5,0.223625,0.198651,0.255782,0,0.320408,1.327457,
"Texas","Crane","Indirect","2014",175,10.559561,9.943438,11.25708,5.492936,12.762667,36.924455,
"Texas","Crockett","Indirect","2014",199,6.093774,5.718988,6.521126,5.737092,12.752249,39.728702,
"Texas","Crosby","Indirect","2014",163,5.067619,4.717768,5.473512,4.935784,10.44531,31.477005,
"Texas","Culberson","Indirect","2014",86,10.729095,10.132716,11.400066,0,8.970194,13.827542,
"Texas","Dawson","Indirect","2014",53,1.765681,1.654653,1.89268,0,3.059454,9.777607,
"Texas","Ector","Indirect","2014",433,24.939357,23.328138,26.789655,23.861873,35.547715,93.642351,
"Texas","Fisher","Indirect","2014",7,0.94686,0.883738,1.019693,0,0,0.448572,
"Texas","Gaines","Indirect","2014",176,7.929062,7.453335,8.469657,5.131032,13.779245,34.456785000000004,
"Texas","Garza","Indirect","2014",5,0.865826,0.807945,0.93264,0,0,0.980937,
"Texas","Glasscock","Indirect","2014",525,32.929303,30.506856,35.769651,32.109809,46.847962,114.730022,
"Texas","Hale","Indirect","2014",1,0.064082,0.052617,0.081936,0.064082,0.064082,0.064082,
"Texas","Hockley","Indirect","2014",13,1.69041,1.572139,1.827923,0,0.304925,1.60183,
"Texas","Howard","Indirect","2014",378,23.680676,22.3658,25.159811,24.169289,37.35889,80.757974,
"Texas","Irion","Indirect","2014",268,10.925531,10.303408,11.62761,11.704048,19.563187,55.544455,
"Texas","Jones","Indirect","2014",1,0.304245,0.274441,0.341312,0,0,0.064082,
"Texas","King","Indirect","2014",23,0.903157,0.839281,0.977556,0,1.073287,3.59007,
"Texas","Loving","Indirect","2014",151,18.889782,17.940335,19.94534,9.67633,25.997376,28.726439,
"Texas","Lubbock","Indirect","2014",1,0.359538,0.32433,0.403321,0,0,0.064082,
"Texas","Martin","Indirect","2014",608,33.394181,31.12286,36.023118,36.730914,89.083773,135.383455,
"Texas","Midland","Indirect","2014",519,25.275379,23.842718,26.891219,32.443592,63.164265,113.07712,
"Texas","Mitchell","Indirect","2014",31,3.129649,2.915988,3.377097,0,1.506498,5.559824,
"Texas","Nolan","Indirect","2014",17,0.768208,0.719275,0.824286,0,0.173783,2.410445,
"Texas","Pecos","Indirect","2014",60,9.294791,8.773179,9.88235,0,6.591605,7.949707,
"Texas","Reagan","Indirect","2014",393,22.735648,21.387016,24.265812,25.18409,38.968678,84.196181,
"Texas","Reeves","Indirect","2014",329,18.033268,17.113806,19.057139,21.082864,40.206504,69.526497,
"Texas","Schleicher","Indirect","2014",12,0.734121,0.678729,0.799357,0,0.042325,1.2047620000000001,
"Texas","Scurry","Indirect","2014",40,2.485409,2.330986,2.661744,0,1.975324,6.797828,
"Texas","Sterling","Indirect","2014",43,1.398695,1.305719,1.505927,0,2.179766,8.038303,
"Texas","Stonewall","Indirect","2014",24,1.316667,1.229151,1.4176,0,1.051217,3.955327,
"Texas","Terrell","Indirect","2014",6,0.423055,0.381712,0.474441,0,0,0.38449,
"Texas","Terry","Indirect","2014",5,0.694029,0.641639,0.755735,0,0,0.320408,
"Texas","Tom Green","Indirect","2014",1,0.407575,0.374426,0.447165,0,0,0.064082,
"Texas","Upton","Indirect","2014",574,34.487287,31.830295,37.628256,35.220944,67.685281,125.68388,
"Texas","Ward","Indirect","2014",295,18.066579,16.989836,19.289035,16.718419,30.03259,61.733228,
"Texas","Winkler","Indirect","2014",46,9.842907,9.335579,10.408545,0,4.450995,5.96657,
"Texas","Yoakum","Indirect","2014",150,9.323639,8.778511,9.940952,5.628478,13.173761,28.497226,
"New Mexico","Eddy","Indirect","2015",240,29.52642,27.660618,31.662137,22.124243,28.475251,50.280957,
"New Mexico","Lea","Indirect","2015",260,27.947468,26.289384,29.828783,23.391618,29.625491,54.865233,
"Texas","Andrews","Indirect","2015",332,33.295918,30.768507,36.275705,24.934671,39.390763,72.904777,
"Texas","Borden","Indirect","2015",8,3.160803,2.958015,3.393441,0.839753,0.949175,0.949175,
"Texas","Cochran","Indirect","2015",3,0.886914,0.823398,0.961049,0.272101,0.355941,0.355941,
"Texas","Concho","Indirect","2015",2,0.228168,0.210801,0.248655,0,0.237294,1.794304,
"Texas","Crane","Indirect","2015",95,12.018107,11.232897,12.921344,7.133949,8.20992,19.741839,
"Texas","Crockett","Indirect","2015",74,6.446012,6.028556,6.925584,4.513874,4.971158,12.231465,
"Texas","Crosby","Indirect","2015",52,5.331108,4.945522,5.781904,4.60366,3.668593,7.188761,
"Texas","Culberson","Indirect","2015",85,12.94045,12.098785,13.907973,5.950308,10.084985,14.752817,
"Texas","Dawson","Indirect","2015",11,1.809209,1.692847,1.942749,0.540965,1.232865,1.305116,
"Texas","Ector","Indirect","2015",199,26.846902,25.004977,28.981767,15.700849,19.946856,41.160809,
"Texas","Fisher","Indirect","2015",3,0.961203,0.896223,1.036342,0.355941,0,0.686206,
"Texas","Gaines","Indirect","2015",96,8.724085,8.153301,9.380803,6.772045,9.226498,17.274169,
"Texas","Garza","Indirect","2015",2,0.877847,0.818406,0.946598,0,0.237294,1.447785,
"Texas","Glasscock","Indirect","2015",276,35.259653,32.504534,38.525079,22.994042,30.170989,58.810272,
"Texas","Hockley","Indirect","2015",5,1.735997,1.611517,1.881317,0.315559,0.917529,0.922608,
"Texas","Howard","Indirect","2015",236,29.226527,27.376278,31.345007,21.864028,28.358202,49.364102,
"Texas","Irion","Indirect","2015",109,11.838534,11.115392,12.662315,8.316744,9.342902,20.253948,
"Texas","Jones","Indirect","2015",4,0.305748,0.275663,0.343204,0.474588,0.474588,1.906212,
"Texas","Kent","Indirect","2015",2,0.232639,0.21364,0.255348,0,0.237294,1.621044,
"Texas","King","Indirect","2015",13,0.915914,0.850289,0.992516,0.447177,1.542409,2.45242,
"Texas","Loving","Indirect","2015",206,29.52647,27.619778,31.715934,19.910038,31.129662,42.487687,
"Texas","Lubbock","Indirect","2015",3,0.361631,0.326032,0.405957,0.197332,0.355941,1.676998,
"Texas","Martin","Indirect","2015",292,31.546711,29.546576,33.837304,23.350624,67.600154,64.10638,
"Texas","Midland","Indirect","2015",435,35.3412,32.900297,38.173313,33.830006,58.324554,94.977649,
"Texas","Mitchell","Indirect","2015",10,3.281703,3.0477,3.554629,0.4403,1.186469,1.900823,
"Texas","Nolan","Indirect","2015",3,0.777283,0.727227,0.83474,0.355941,0.355941,0.355941,
"Texas","Pecos","Indirect","2015",55,10.883262,10.185193,11.684061,6.004951,7.419432,7.958127,
"Texas","Reagan","Indirect","2015",255,27.974973,25.995191,30.281174,23.133427,30.254954,53.719164,
"Texas","Reeves","Indirect","2015",277,23.591427,22.351806,24.976619,24.506066,37.662504,58.761867,
"Texas","Schleicher","Indirect","2015",4,0.742589,0.685964,0.809405,0.309024,0.654929,0.52554,
"Texas","Scurry","Indirect","2015",11,2.577369,2.411779,2.767374,0.948978,1.081367,1.305116,
"Texas","Sterling","Indirect","2015",6,1.426441,1.329879,1.538125,0.185701,0.711881,0.711881,
"Texas","Stonewall","Indirect","2015",11,1.343653,1.252648,1.448917,0.503949,1.305116,2.130037,
"Texas","Terrell","Indirect","2015",6,0.425935,0.384055,0.478066,0.222717,0.711881,1.538979,
"Texas","Terry","Indirect","2015",5,0.701814,0.648289,0.764973,0.490196,0.650921,1.474897,
"Texas","Upton","Indirect","2015",300,35.220698,32.455641,38.500769,24.513936,49.214783,64.033786,
"Texas","Ward","Indirect","2015",85,19.548558,18.311362,20.965048,10.084985,16.153515,14.752817,
"Texas","Winkler","Indirect","2015",38,11.619602,10.93854,12.391104,4.508581,5.063599,5.287348,
"Texas","Yoakum","Indirect","2015",88,10.554002,9.865654,11.345611,8.415184,9.912352,15.440458,
"New Mexico","Chaves","Indirect","2016",4,0.876889,0.81021,0.955527,0.58996,0.58996,2.713829,
"New Mexico","Eddy","Indirect","2016",146,23.829793,22.420262,25.428446,16.311551,21.818127,29.542476,
"New Mexico","Lea","Indirect","2016",146,22.222059,20.994084,23.602611,16.305934,21.533548,29.542476,
"Texas","Andrews","Indirect","2016",146,23.097875,21.674561,24.721257,13.266217,26.133469,31.078625,
"Texas","Borden","Indirect","2016",11,3.134531,2.934675,3.363598,1.201072,1.250927,2.444433,
"Texas","Cochran","Indirect","2016",3,0.884702,0.821485,0.958459,0.44247,0.44247,1.163558,
"Texas","Cottle","Indirect","2016",2,0.224277,0.199165,0.256635,0.29498,1.378246,2.601921,
"Texas","Crane","Indirect","2016",15,11.047495,10.366292,11.824524,2.212351,2.55717,2.212351,
"Texas","Crockett","Indirect","2016",48,6.272971,5.874391,6.729576,3.029354,3.192421,7.079523,
"Texas","Crosby","Indirect","2016",55,5.256797,4.880195,5.696383,4.964978,3.970345,8.684019,
"Texas","Culberson","Indirect","2016",70,12.354976,11.565161,13.260574,5.165933,9.095399,12.122227,
"Texas","Dawson","Indirect","2016",7,1.799298,1.684107,1.931404,0.456736,1.03243,1.195878,
"Texas","Ector","Indirect","2016",76,21.289128,19.993164,22.764746,8.042319,11.209244,13.775127,
"Texas","Gaines","Indirect","2016",55,8.350969,7.820502,8.958637,4.332781,6.371646,8.684019,
"Texas","Garza","Indirect","2016",3,0.875722,0.81655199999999994,0.944137,0.165122,0.395564,2.484615,
"Texas","Glasscock","Indirect","2016",116,24.899191,23.307277,26.724505,12.980477,18.77896,22.94368,
"Texas","Hockley","Indirect","2016",2,1.727037,1.603749,1.87086,0.29498,0.788835,1.042584,
"Texas","Howard","Indirect","2016",152,23.951816,22.517267,25.58159,16.687832,22.418488,30.917759,
"Texas","Hudspeth","Indirect","2016",1,0.201593,0.179103,0.230542,0,0,0.14749,
"Texas","Irion","Indirect","2016",54,11.064746,10.414937,11.801037000000001,4.986386,5.483677,8.454805,
"Texas","King","Indirect","2016",10,0.913414,0.848127,0.98959,0.426598,1.413715,2.572396,
"Texas","Loving","Indirect","2016",217,27.723481,25.804705,29.950531,20.780553,32.005342,45.816656,
"Texas","Martin","Indirect","2016",191,24.882901,23.410741,26.552634,17.092384,60.440844,41.763402,
"Texas","Midland","Indirect","2016",471,34.370269,31.671379,37.571982,36.291761,60.993758,104.036963,
"Texas","Nolan","Indirect","2016",4,0.775617,0.725764,0.832825,0.58996,0.514211,1.392772,
"Texas","Pecos","Indirect","2016",47,10.509359,9.844552,11.270457,5.666124,6.932033,6.932033,
"Texas","Reagan","Indirect","2016",132,21.992366,20.624438,23.554641,15.474897,21.517342,26.333483,
"Texas","Reeves","Indirect","2016",236,21.048351,19.940314,22.286775,22.066802,34.807653,50.171718,
"Texas","Schleicher","Indirect","2016",6,0.741099,0.684689,0.807639,0.606692,0.88494,1.791584,
"Texas","Scurry","Indirect","2016",5,2.556568,2.393385,2.743632,0.73745,0.73745,0.73745,
"Texas","Sterling","Indirect","2016",4,1.4205,1.324685,1.531255,0.228772,0.654928,1.06107,
"Texas","Stonewall","Indirect","2016",13,1.338782,1.248391,1.443286,0.801618,1.535127,3.396081,
"Texas","Terrell","Indirect","2016",1,0.425373,0.383598,0.477359,0.074839,0.439705,1.200527,
"Texas","Terry","Indirect","2016",5,0.700428,0.647103,0.76333,0.660565,0.73745,2.282514,
"Texas","Tom Green","Indirect","2016",1,0.409774,0.37628,0.449814,0,0.824239,2.026188,
"Texas","Upton","Indirect","2016",183,26.469241,24.671925,28.548996,17.237304,40.907617,38.023387,
"Texas","Ward","Indirect","2016",83,18.488746,17.30908,19.840968,10.128055,16.096562,15.102006,
"Texas","Winkler","Indirect","2016",32,11.208465,10.557278,11.945265,4.297053,4.719682,4.719682,
"Texas","Yoakum","Indirect","2016",92,10.272605,9.607545,11.036589,8.840151,10.285845,17.16493,
"New Mexico","Chaves","Indirect","2017",3,0.870841,0.805044,0.948351,0.183839,0,1.660182,
"New Mexico","Eddy","Indirect","2017",254,22.848871,21.483956,24.398982,22.843236,29.027947,53.473134,
"New Mexico","Lea","Indirect","2017",259,21.495557,20.291921,22.850987,23.155866,29.102072,54.619203,
"Texas","Andrews","Indirect","2017",198,20.730156,19.516605,22.104633,16.233524,29.325793,42.17331,
"Texas","Borden","Indirect","2017",27,3.067555,2.875786,3.286726,1.876994,1.860576,5.287421,
"Texas","Brewster","Indirect","2017",1,0.09317,0.0765,0.119128,0.09317,0.09317,0.09317,
"Texas","Cochran","Indirect","2017",16,0.879153,0.816697,0.951952,0.927443,0.836896,3.318904,
"Texas","Concho","Indirect","2017",1,0.22761,0.210324,0.247993,0,0,1.548274,
"Texas","Crane","Indirect","2017",31,10.258111,9.662266,10.932274,2.888273,3.166819,5.055339,
"Texas","Crockett","Indirect","2017",55,5.992156,5.62659,6.408524,3.132429,3.156401,7.859587,
"Texas","Crosby","Indirect","2017",38,5.023919,4.678533,5.424365,3.540464,2.212541,3.962951,
"Texas","Culberson","Indirect","2017",102,11.493389,10.799596,12.282444,6.860249,10.852904,18.632635,
"Texas","Dawson","Indirect","2017",11,1.774902,1.662699,1.903345,0.368863,0.781187,1.2883,
"Texas","Dickens","Indirect","2017",1,0.074586,0.064626,0.088177,0.09317,0.09317,1.548274,
"Texas","Ector","Indirect","2017",121,19.116758,18.020255,20.355348,10.564079,13.899381,23.265316,
"Texas","Fisher","Indirect","2017",2,0.951382,0.887669,1.024948,0.120189,0,0.440176,
"Texas","Gaines","Indirect","2017",86,7.944693,7.460916,8.495557,5.963447,8.05741,14.965215,
"Texas","Garza","Indirect","2017",3,0.869733,0.811341,0.937181,0,0,1.660182,
"Texas","Glasscock","Indirect","2017",178,22.448947,21.08053,24.007356,16.58428,22.688694,36.330503,
"Texas","Hockley","Indirect","2017",5,1.704386,1.584186,1.844323,0.143457,0.465851,0.905792,
"Texas","Howard","Indirect","2017",289,23.852535,22.358645,25.560347,25.065354,31.708796,61.495617,
"Texas","Irion","Indirect","2017",50,10.15586,9.599469,10.780717,4.389316,4.658506,6.713517,
"Texas","Jeff Davis","Indirect","2017",2,0.321249,0.278491,0.37952,0,0.18634,0.18634,
"Texas","Kent","Indirect","2017",1,0.232059,0.21315,0.25465,0,0,1.375014,
"Texas","King","Indirect","2017",4,0.906623,0.842268,0.981626,0,0.445062,0.37268,
"Texas","Loving","Indirect","2017",304,25.607662,23.874952,27.611552,25.975595,37.708601,64.933825,
"Texas","Martin","Indirect","2017",321,24.536907,23.034293,26.249246,25.02436,69.228965,70.736764,
"Texas","Midland","Indirect","2017",498,28.214273,26.267131,30.473205,37.667828,62.392558,109.401303,
"Texas","Mitchell","Indirect","2017",3,3.166597,2.947804,3.420473,0,0.232604,0.27951,
"Texas","Nolan","Indirect","2017",3,0.770882,0.721615,0.827369,0.183839,0,0.339125,
"Texas","Pecos","Indirect","2017",79,9.879395,9.285128,10.554932,7.360439,8.689537,13.442442,
"Texas","Reagan","Indirect","2017",228,20.857034,19.571284,22.323599,21.242786,27.866269,47.513575,
"Texas","Reeves","Indirect","2017",494,24.454878,22.969617,26.145496,38.145925,52.77862,108.484448,
"Texas","Schleicher","Indirect","2017",3,0.736714,0.680943,0.802435,0.073272,0.13151,0.27951,
"Texas","Scurry","Indirect","2017",11,2.508301,2.350979,2.688188,0.776876,0.629689,1.2883,
"Texas","Sterling","Indirect","2017",5,1.4049179999999999,1.311118,1.513174,0,0.188462,0.465851,
"Texas","Stonewall","Indirect","2017",3,1.32385,1.235392,1.425954,0,0.27951,0.27951,
"Texas","Terry","Indirect","2017",9,0.6967,0.643919,0.758906,0.572692,0.486207,2.374936,
"Texas","Tom Green","Indirect","2017",10,0.408542,0.375241,0.44833,0.139649,0.931701,3.264679,
"Texas","Upton","Indirect","2017",202,22.43315,21.062581,23.994504,18.104175,41.732489,41.554016,
"Texas","Ward","Indirect","2017",181,17.714846,16.598584,18.992072,16.023244,22.588971,36.740526,
"Texas","Winkler","Indirect","2017",88,10.645248,10.049206,11.316452,7.518958,8.19897,16.731222,
"Texas","Yoakum","Indirect","2017",94,9.514957,8.938205,10.171274,8.624979,9.89112,16.798925,
"New Mexico","Chaves","Indirect","2018",11,0.888074,0.819764,0.968802,1.355447,6.382423,8.241066,
"New Mexico","De Baca","Indirect","2018",1,0.229214,0.188204,0.293076,0.229214,0.229214,0.229214,
"New Mexico","Eddy","Indirect","2018",462,97.490104,86.287296,112.035891,36.744761,49.778555,105.896779,
"New Mexico","Lea","Indirect","2018",483,82.543909,74.832205,92.02766,38.075785,51.000536,110.71027,
"Texas","Andrews","Indirect","2018",212,39.032238,36.080995,42.509284,17.78703,36.15865,50.129477,
"Texas","Borden","Indirect","2018",48,3.300542,3.080621,3.554276,3.876046,9.19562,14.848084,
"Texas","Cochran","Indirect","2018",7,0.895953,0.831193,0.971656,1.017008,6.01971,6.003153,
"Texas","Concho","Indirect","2018",1,0.228747,0.211295,0.249342,0.229214,5.542358,6.295448,
"Texas","Crane","Indirect","2018",43,13.337417,12.409643,14.415125,4.314479,9.856194,12.553078,
"Texas","Crockett","Indirect","2018",32,6.833279,6.370685,7.368314,2.3309,7.334842,7.334842,
"Texas","Crosby","Indirect","2018",14,5.600305,5.178493,6.096929,2.675285,6.319241,3.208993,
"Texas","Culberson","Indirect","2018",125,15.653786,14.493176,17.016461,8.9866,18.33143,28.651726,
"Texas","Dawson","Indirect","2018",2,1.844735,1.724008,1.983644,0.458428,5.964002,3.972549,
"Texas","Ector","Indirect","2018",77,30.352107,28.325097,32.691593,8.425908,16.571261,17.927081,
"Texas","Fisher","Indirect","2018",6,0.97177500000000006,0.905421,1.048623,1.037199,5.471496,6.104204,
"Texas","Gaines","Indirect","2018",60,9.479,8.821565,10.242317,4.970969,12.020628,13.752829,
"Texas","Garza","Indirect","2018",8,0.886788,0.826183,0.95699,0.80331,6.044545,7.553425,
"Texas","Glasscock","Indirect","2018",220,49.128444,45.241385,53.746224,19.919974,31.530299,50.704656,
"Texas","Hockley","Indirect","2018",38,1.776085,1.646082,1.928384,2.906305,8.661787,13.217021,
"Texas","Howard","Indirect","2018",366,63.415633,58.040385,69.888125,30.628783,43.061335,83.892254,
"Texas","Hudspeth","Indirect","2018",1,0.202162,0.179552,0.231287,0.229214,0.229214,4.07023,
"Texas","Irion","Indirect","2018",72,13.263089,12.39615,14.260407,6.452018,12.065291,16.503394,
"Texas","Jeff Davis","Indirect","2018",2,0.323519,0.280194,0.382691,0.458428,6.014824,4.933513,
"Texas","King","Indirect","2018",3,0.924883,0.858024,1.003043,0.30099,6.201805,4.890639,
"Texas","Loving","Indirect","2018",371,74.311669,66.956282,83.482522,30.902529,48.34373,85.038323,
"Texas","Lubbock","Indirect","2018",3,0.363095,0.327222,0.407802,0.687641,5.732746,6.407356,
"Texas","Martin","Indirect","2018",463,91.314504,83.160366,101.241561,34.725012,85.244668,108.032298,
"Texas","Midland","Indirect","2018",674,268.035781,225.441653,330.474419,49.532567,80.847454,154.490106,
"Texas","Mitchell","Indirect","2018",9,3.405688,3.154863,3.699841,0.866959,6.491533,6.401966,
"Texas","Nolan","Indirect","2018",5,0.784147,0.73324,0.842651,0.973549,5.876228,5.544726,
"Texas","Pecos","Indirect","2018",104,12.823097,11.895533,13.90755,9.61409,16.311546,23.91996,
"Texas","Reagan","Indirect","2018",293,44.516183,40.726783,49.083092,26.04242,38.357917,67.159646,
"Texas","Reeves","Indirect","2018",767,267.754629,224.989375,330.592603,56.184673,78.192392,175.806991,
"Texas","Scurry","Indirect","2018",27,2.659964,2.484249,2.862429,2.45768,7.606028,9.702894,
"Texas","Sterling","Indirect","2018",5,1.449376,1.349836,1.564766,0.612361,6.016945,5.213024,
"Texas","Stonewall","Indirect","2018",10,1.363984,1.270338,1.472537,0.930609,6.61018,6.63118,
"Texas","Sutton","Indirect","2018",2,0.430977,0.38852,0.483852,0.237341,4.128649,4.272285,
"Texas","Terrell","Indirect","2018",2,0.427926,0.385674,0.480575,0.458428,5.801723,5.352481,
"Texas","Terry","Indirect","2018",4,0.707321,0.652989,0.771515,0.916855,5.955986,5.97604,
"Texas","Tom Green","Indirect","2018",1,0.412133,0.378269,0.452656,0.229214,6.114516,5.948928,
"Texas","Upton","Indirect","2018",239,48.38672,44.58579,52.896103,21.12162,50.215389,54.782101,
"Texas","Ward","Indirect","2018",225,31.107244,28.452333,34.308608,19.486236,31.574058,51.573107,
"Texas","Winkler","Indirect","2018",161,14.70418,13.679877,15.89429,12.827789,19.264545,38.211004,
"Texas","Yoakum","Indirect","2018",80,11.897638,11.054373,12.880183,8.396296,14.71523,18.337105,
"New Mexico","Chaves","Indirect","2019",5,0.887809,0.819539,0.968488,0.845001,5.951977,6.865783,
"New Mexico","Eddy","Indirect","2019",420,79.281808,71.613604,88.789123,33.94293,46.765434,96.269799,
"New Mexico","Lea","Indirect","2019",573,141.61677,121.814006,169.107893,43.6757,57.457225,131.339513,
"Texas","Andrews","Indirect","2019",195,37.633081,34.869257,40.872758,16.576438,34.939054,46.232842,
"Texas","Borden","Indirect","2019",32,3.290806,3.07214,3.542985,2.729104,8.047764,11.180664,
"Texas","Cochran","Indirect","2019",7,0.895954,0.831194,0.971658,0.888459,6.01971,6.003153,
"Texas","Concho","Indirect","2019",1,0.228747,0.211295,0.249342,0.100666,5.542358,6.295448,
"Texas","Crane","Indirect","2019",65,13.561076,12.605254,14.673745,5.586222,11.434496,17.595782,
"Texas","Crockett","Indirect","2019",1,6.753062,6.300777,7.275301,0.229214,5.110871,0.229214,
"Texas","Crosby","Indirect","2019",10,5.593326,5.172559,6.088608,2.292138,6.032277,2.292138,
"Texas","Culberson","Indirect","2019",148,15.977094,14.771809,17.396541,10.321992,19.981472,33.923644,
"Texas","Dawson","Indirect","2019",4,1.845123,1.724349,1.984089,0.457179,6.107484,4.430977,
"Texas","Ector","Indirect","2019",102,31.704086,29.547533,34.200219,9.888599,18.364786,23.657427,
"Texas","Fisher","Indirect","2019",6,0.971776,0.905423,1.048624,0.90865,5.471496,6.104204,
"Texas","Gaines","Indirect","2019",49,9.423996,8.773997,10.178007,4.142275,11.231477,11.231477,
"Texas","Garza","Indirect","2019",13,0.88701,0.826376,0.957248,0.993009,6.40325,8.699494,
"Texas","Glasscock","Indirect","2019",216,48.596467,44.818309,53.07026,19.536827,31.243335,49.787801,
"Texas","Hockley","Indirect","2019",4,1.770091,1.64093,1.921321,0.61367,6.222594,5.423752,
"Texas","Howard","Indirect","2019",463,96.87468,85.458987,111.810423,36.674245,50.020211,106.125994,
"Texas","Hudspeth","Indirect","2019",1,0.202162,0.179552,0.231287,0.100666,0.229214,4.07023,
"Texas","Irion","Indirect","2019",92,13.46386,12.573708,14.489651,7.596461,13.500111,21.08767,
"Texas","Kent","Indirect","2019",1,0.233241,0.214147,0.256073,0.229214,5.542358,6.122188,
"Texas","King","Indirect","2019",1,0.924789,0.857943,1.002931,0.045143,6.058323,4.432212,
"Texas","Loving","Indirect","2019",357,70.219969,63.627849,78.335907,29.882886,47.339356,81.82933,
"Texas","Martin","Indirect","2019",578,222.496901,187.826064,272.865106,41.916167,93.494881,134.391887,
"Texas","Midland","Indirect","2019",624,153.006443,134.889412,176.745126,46.221539,77.260405,143.029416,
"Texas","Mitchell","Indirect","2019",1,3.400508,3.150423,3.693719,0.229214,5.917606,4.568256,
"Texas","Nolan","Indirect","2019",4,0.784114,0.733211,0.842612,0.781351,5.804487,5.315512,
"Texas","Pecos","Indirect","2019",147,13.232945,12.248912,14.388898,12.222474,19.396408,33.776154,
"Texas","Reagan","Indirect","2019",231,38.547328,35.637568,41.97449,21.967597,33.909976,52.94839,
"Texas","Reeves","Indirect","2019",740,190.52748,164.404743,226.519866,54.337586,76.255386,169.618218,
"Texas","Scurry","Indirect","2019",17,2.656011,2.480803,2.857848,1.692636,6.888618,7.410756,
"Texas","Sterling","Indirect","2019",1,1.448908,1.349431,1.56422,0.229214,5.729982,4.296169,
"Texas","Stonewall","Indirect","2019",1,1.363048,1.269526,1.471445,0.229214,5.964512,4.568256,
"Texas","Sutton","Indirect","2019",1,0.430967,0.388512,0.483839,0.045143,4.056908,4.043071,
"Texas","Tom Green","Indirect","2019",4,0.412162,0.378294,0.452691,0.291614,6.329739,6.63657,
"Texas","Upton","Indirect","2019",221,46.135087,42.658691,50.228361,19.847379,48.924051,50.656252,
"Texas","Ward","Indirect","2019",193,29.462605,27.068011,32.321997,17.320901,29.278347,44.238265,
"Texas","Winkler","Indirect","2019",142,14.47751,13.483577,15.629638,11.489899,17.901467,33.855941,
"Texas","Yoakum","Indirect","2019",57,11.71789,10.898815,12.67008,6.803807,13.065187,13.065188,
"New Mexico","Eddy","Indirect","2020",298,58.750595,53.606969,64.98605,25.816492,34.076213,68.305715,
"New Mexico","Lea","Indirect","2020",431,79.416811,70.854657,90.332714,34.27627,43.333185,98.791152,
"Texas","Andrews","Indirect","2020",78,32.573732,30.411873,35.066468,8.768248,22.608538,19.414827,
"Texas","Borden","Indirect","2020",2,3.299015,3.079152,3.552689,0.458428,1.958714,4.30425,
"Texas","Cochran","Indirect","2020",1,0.897646,0.832647,0.973652,0.145374,1.652444,4.627871,
"Texas","Crane","Indirect","2020",78,14.170186,13.122597,15.399546,6.052478,8.430308,20.575562,
"Texas","Crockett","Indirect","2020",2,6.86885,6.400799,7.410752,0,1.245792,0.458428,
"Texas","Culberson","Indirect","2020",69,15.483745,14.335036,16.83259,4.932486,10.377114,15.815753,
"Texas","Dawson","Indirect","2020",2,1.853082,1.731275,1.993326,0,2.027181,3.972549,
"Texas","Ector","Indirect","2020",28,30.070414,28.081591,32.362418,4.817341,9.119133,6.695605,
"Texas","Fisher","Indirect","2020",6,0.974086,0.907423,1.05132,0.547462,1.534676,6.104204,
"Texas","Gaines","Indirect","2020",4,9.416381,8.765028,10.172313,0.916855,4.066312,0.916856,
"Texas","Garza","Indirect","2020",5,0.88858,0.827735,0.95908,0.122624,1.892502,6.865783,
"Texas","Glasscock","Indirect","2020",75,38.3848,35.753172,41.434612,10.201046,17.191036,17.468654,
"Texas","Howard","Indirect","2020",317,62.198265,56.351683,69.398474,27.020217,35.609207,72.660778,
"Texas","Irion","Indirect","2020",17,13.150517,12.293389,14.136125,2.461554,4.182717,3.896635,
"Texas","Kent","Indirect","2020",1,0.233374,0.214259,0.256233,0,1.605538,6.122188,
"Texas","Loving","Indirect","2020",283,62.677983,56.606122,70.208952,24.811628,38.093703,64.867508,
"Texas","Martin","Indirect","2020",331,62.819448,57.701685,68.933389,25.83353,71.838038,77.776076,
"Texas","McCulloch","Indirect","2020",2,0.343844,0.297935,0.406479,0.182297,0.458428,0.458428,
"Texas","Menard","Indirect","2020",1,0.238488,0.206645,0.281932,0,0.120088,0.229214,
"Texas","Midland","Indirect","2020",441,69.601492,63.568481,76.899713,34.212476,60.194985,101.083289,
"Texas","Nolan","Indirect","2020",1,0.785513,0.734432,0.844231,0.229214,1.652444,4.627871,
"Texas","Pecos","Indirect","2020",59,12.809281,11.876554,13.900998,6.260121,9.146381,13.605339,
"Texas","Reagan","Indirect","2020",92,31.94457,29.77869,34.450222,12.759116,20.001159,21.087671,
"Texas","Reeves","Indirect","2020",260,33.612085,31.728811,35.73303,23.424595,37.882893,59.59559,
"Texas","Scurry","Indirect","2020",11,2.670931,2.493742,2.875227,0.94955,2.521352,6.035473,
"Texas","Sterling","Indirect","2020",1,1.454049,1.353877,1.570228,0,1.793161,4.296169,
"Texas","Upton","Indirect","2020",188,47.420952,43.571383,52.016669,17.385755,42.619778,43.092197,
"Texas","Ward","Indirect","2020",96,27.066576,24.964605,29.555054,10.785703,18.382651,22.004526,
"Texas","Winkler","Indirect","2020",66,14.104667,13.149026,15.210103,6.291342,8.512332,16.435692,
"Texas","Yoakum","Indirect","2020",17,11.744704,10.917645,12.70734,3.896635,6.258727,3.896635,
"New Mexico","Chaves","Indirect","2021",6,0.889513,0.820987,0.97052,0.658029,1.929425,7.094997,
"New Mexico","Eddy","Indirect","2021",343,67.410674,60.627379,75.903093,28.79129,37.147084,78.620336,
"New Mexico","Lea","Indirect","2021",277,46.349686,43.110131,50.11568,24.5848,32.1276,63.492225,
"Texas","Andrews","Indirect","2021",125,35.210445,32.767392,38.047142,11.870346,25.822891,30.187875,
"Texas","Borden","Indirect","2021",10,3.30021,3.080168,3.554111,1.078192,2.375169,6.13796,
"Texas","Crane","Indirect","2021",99,14.340787,13.26658,15.60428,7.499686,9.779396,25.389051,
"Texas","Crockett","Indirect","2021",2,6.852882,6.386755,7.392405,0.042242,1.088319,0.458428,
"Texas","Culberson","Indirect","2021",71,15.429523,14.286448,16.771424,5.170353,10.363123,16.274181,
"Texas","Dawson","Indirect","2021",5,1.852495,1.730759,1.992653,0.270207,2.084931,4.66019,
"Texas","Ector","Indirect","2021",19,29.325796,27.417281,31.519893,4.355062,8.315991,4.63268,
"Texas","Fisher","Indirect","2021",5,0.973711,0.907097,1.050884,0.594379,1.305462,5.87499,
"Texas","Gaines","Indirect","2021",10,9.416165,8.764401,10.172653,1.40932,4.339285,2.292138,
"Texas","Glasscock","Indirect","2021",73,37.730926,35.163676,40.702562,10.184314,16.890081,17.010226,
"Texas","Howard","Indirect","2021",301,57.75364,52.571965,64.068449,26.11239,34.303878,68.993356,
"Texas","Irion","Indirect","2021",9,13.015597,12.174205,13.981924,2.062924,3.451316,2.062924,
"Texas","Jones","Indirect","2021",2,0.306981,0.276665,0.344759,0.458428,1.613618,6.178142,
"Texas","Loving","Indirect","2021",216,49.86404,45.841119,54.660973,20.657673,33.129584,49.510183,
"Texas","Martin","Indirect","2021",388,76.57899,69.057346,85.939408,29.572123,75.769801,90.841263,
"Texas","McCulloch","Indirect","2021",1,0.343798,0.2979,0.406414,0.229214,0.229214,0.229214,
"Texas","Midland","Indirect","2021",451,70.69426,64.344406,78.434612,34.959539,60.754922,103.375427,
"Texas","Mitchell","Indirect","2021",1,3.424975,3.17126,3.722818,0,1.823312,4.568256,
"Texas","Nolan","Indirect","2021",2,0.785338,0.734279,0.84403,0.403431,1.566712,4.857084,
"Texas","Pecos","Indirect","2021",37,12.556112,11.657709,13.604549,4.970397,7.410606,8.562635,
"Texas","Reagan","Indirect","2021",130,33.886266,31.45852,36.72006,15.288367,22.569843,29.797795,
"Texas","Reeves","Indirect","2021",232,31.583524,29.85818,33.520493,21.752973,35.716672,53.177603,
"Texas","Schleicher","Indirect","2021",1,0.749875,0.692179,0.818063,0.229214,1.722218,4.568256,
"Texas","Scurry","Indirect","2021",10,2.668114,2.491273,2.871979,0.996468,2.292138,5.806259,
"Texas","Stonewall","Indirect","2021",2,1.367068,1.273001,1.476145,0.042242,1.941959,4.797469,
"Texas","Upton","Indirect","2021",184,46.186251,42.479607,50.601595,17.241723,42.175341,42.175341,
"Texas","Ward","Indirect","2021",72,25.885084,23.946318,28.165442,9.36868,16.503394,16.503394,
"Texas","Winkler","Indirect","2021",36,13.713348,12.806758,14.758072,4.492421,6.202629,9.559277,
"Texas","Yoakum","Indirect","2021",31,11.806634,10.970258,12.781066,4.898296,7.105628,7.105628,
